,Longitude,Latitude,bio_1,bio_2,bio_3,bio_4,bio_5,bio_6,bio_7,bio_8,bio_9,bio_10,bio_11,bio_12,bio_13,bio_14,bio_15,bio_16,bio_17,bio_18,bio_19,presence
0,-121.81947998,38.9762239471,177.0,123,40,6141.0,352.0,47.0,305.0,94.0,262.0,262.0,94.0,456.0,91.0,1.0,85.0,266.0,3.0,3.0,266.0,1
1,-122.875297102,38.6724747474,150.0,94,42,4388.0,277.0,51.0,225.0,90.0,206.0,210.0,90.0,1135.0,262.0,1.0,93.0,746.0,10.0,10.0,746.0,1
2,-121.63394004,38.4755287728,172.0,121,42,5502.0,334.0,49.0,285.0,96.0,247.0,247.0,96.0,447.0,96.0,1.0,89.0,269.0,3.0,3.0,269.0,1
3,-121.320225272,38.4903387415,176.0,123,41,5790.0,344.0,49.0,295.0,98.0,256.0,256.0,98.0,487.0,99.0,1.0,85.0,282.0,3.0,3.0,282.0,1
4,-121.322469939,38.3442098727,175.0,122,42,5644.0,341.0,50.0,291.0,98.0,253.0,253.0,98.0,467.0,95.0,1.0,85.0,271.0,3.0,3.0,271.0,1
5,-121.571282672,38.268142296,171.0,120,43,5284.0,328.0,49.0,278.0,98.0,242.0,242.0,98.0,422.0,88.0,1.0,87.0,249.0,3.0,3.0,249.0,1
6,-121.559759659,38.1592673057,169.0,119,43,5110.0,322.0,50.0,272.0,98.0,238.0,238.0,98.0,398.0,82.0,1.0,87.0,232.0,3.0,3.0,232.0,1
8,-121.385915576,38.0649744866,171.0,120,43,5199.0,327.0,50.0,277.0,99.0,242.0,242.0,99.0,387.0,78.0,1.0,85.0,220.0,3.0,3.0,220.0,1
9,-121.501881913,38.000330988,168.0,118,44,4988.0,319.0,50.0,268.0,98.0,235.0,235.0,98.0,371.0,75.0,1.0,85.0,212.0,3.0,3.0,212.0,1
10,-121.632993775,37.9345038414,164.0,114,44,4710.0,307.0,50.0,257.0,97.0,227.0,227.0,97.0,354.0,74.0,1.0,87.0,210.0,3.0,3.0,210.0,1
11,-121.366769289,37.9122552726,170.0,119,43,5051.0,322.0,50.0,272.0,100.0,238.0,238.0,100.0,335.0,67.0,1.0,84.0,188.0,3.0,3.0,188.0,1
12,-121.475480253,37.8610667644,167.0,117,44,4828.0,313.0,50.0,263.0,99.0,228.0,232.0,99.0,336.0,66.0,1.0,83.0,187.0,5.0,5.0,187.0,1
13,-121.228127104,37.902788523,172.0,121,43,5219.0,328.0,50.0,278.0,100.0,243.0,243.0,100.0,336.0,66.0,1.0,83.0,186.0,3.0,3.0,186.0,1
14,-120.852067224,37.9627361806,177.0,123,41,5772.0,345.0,49.0,295.0,99.0,258.0,258.0,99.0,462.0,89.0,1.0,83.0,257.0,5.0,5.0,257.0,1
15,-121.573796123,37.7889339621,161.0,114,45,4597.0,302.0,49.0,253.0,96.0,219.0,223.0,96.0,303.0,63.0,1.0,86.0,178.0,4.0,5.0,178.0,1
16,-120.988806749,37.8804583198,176.0,123,42,5544.0,339.0,49.0,289.0,100.0,253.0,253.0,100.0,381.0,72.0,1.0,82.0,207.0,3.0,3.0,207.0,1
17,-121.318827846,37.8103387239,170.0,119,44,5014.0,321.0,50.0,271.0,100.0,237.0,238.0,100.0,320.0,62.0,1.0,82.0,175.0,3.0,3.0,175.0,1
18,-121.261365785,37.727649158,169.0,120,44,4987.0,321.0,50.0,270.0,100.0,236.0,237.0,100.0,308.0,59.0,1.0,82.0,166.0,3.0,3.0,166.0,1
19,-121.022407751,37.7644738901,174.0,123,43,5380.0,334.0,50.0,284.0,101.0,248.0,248.0,101.0,342.0,64.0,1.0,82.0,183.0,3.0,3.0,183.0,1
20,-120.849416674,37.7986991863,177.0,123,42,5633.0,341.0,49.0,292.0,101.0,250.0,255.0,101.0,404.0,77.0,1.0,83.0,220.0,5.0,5.0,220.0,1
21,-121.147952308,37.6565172424,171.0,121,44,5094.0,325.0,50.0,275.0,113.0,239.0,241.0,101.0,314.0,57.0,1.0,82.0,163.0,3.0,3.0,162.0,1
22,-121.317999796,37.5985322556,164.0,118,44,4793.0,311.0,47.0,263.0,97.0,225.0,229.0,97.0,285.0,56.0,1.0,84.0,159.0,4.0,5.0,159.0,1
23,-120.900414232,37.6852507817,176.0,124,42,5484.0,338.0,50.0,288.0,101.0,247.0,252.0,101.0,355.0,67.0,1.0,83.0,191.0,4.0,5.0,191.0,1
24,-120.705170749,37.7256055386,179.0,124,41,5785.0,347.0,50.0,297.0,102.0,257.0,261.0,102.0,442.0,88.0,1.0,85.0,252.0,5.0,5.0,252.0,1
25,-121.022731381,37.5833734459,173.0,123,43,5247.0,331.0,50.0,281.0,105.0,241.0,245.0,101.0,322.0,60.0,1.0,82.0,168.0,4.0,5.0,168.0,1
26,-120.555145864,37.6774009522,180.0,124,41,5907.0,350.0,50.0,300.0,102.0,264.0,264.0,102.0,492.0,99.0,1.0,85.0,281.0,5.0,5.0,281.0,1
27,-120.850932787,37.5949950209,176.0,124,42,5485.0,339.0,50.0,289.0,102.0,247.0,253.0,102.0,339.0,65.0,1.0,83.0,182.0,4.0,5.0,182.0,1
28,-121.14712064,37.507763117,169.0,121,44,4994.0,321.0,49.0,272.0,108.0,233.0,237.0,100.0,303.0,58.0,1.0,84.0,163.0,4.0,5.0,163.0,1
29,-121.005607883,37.4802415904,173.0,123,44,5164.0,329.0,50.0,279.0,114.0,239.0,244.0,102.0,310.0,58.0,1.0,82.0,164.0,4.0,5.0,161.0,1
30,-120.875328049,37.4912403371,175.0,124,43,5350.0,335.0,50.0,285.0,111.0,244.0,249.0,102.0,314.0,60.0,1.0,83.0,167.0,4.0,5.0,167.0,1
31,-120.656174834,37.5244336338,178.0,125,42,5704.0,346.0,49.0,296.0,102.0,259.0,259.0,102.0,380.0,75.0,1.0,86.0,213.0,3.0,3.0,213.0,1
32,-121.124116329,37.4147340277,168.0,122,44,4975.0,320.0,47.0,273.0,106.0,235.0,236.0,99.0,300.0,61.0,1.0,87.0,169.0,3.0,3.0,169.0,1
33,-120.501692073,37.5067976459,181.0,125,41,5858.0,351.0,51.0,300.0,103.0,264.0,265.0,103.0,415.0,82.0,0.0,86.0,235.0,2.0,2.0,235.0,1
34,-120.344475001,37.5133381836,182.0,124,40,6047.0,354.0,50.0,304.0,103.0,269.0,269.0,103.0,462.0,88.0,1.0,84.0,256.0,3.0,3.0,256.0,1
35,-121.735700088,37.2142587799,141.0,97,47,3598.0,254.0,46.0,207.0,89.0,185.0,188.0,89.0,562.0,112.0,1.0,86.0,316.0,5.0,6.0,316.0,1
36,-120.761433365,37.4213837265,177.0,125,43,5504.0,341.0,50.0,291.0,106.0,254.0,254.0,102.0,318.0,62.0,1.0,84.0,173.0,3.0,3.0,173.0,1
37,-120.890557427,37.3888322288,175.0,124,43,5306.0,334.0,49.0,285.0,114.0,247.0,248.0,102.0,305.0,59.0,1.0,83.0,165.0,3.0,3.0,162.0,1
38,-121.105039116,37.3206006129,167.0,122,44,4925.0,318.0,46.0,271.0,98.0,230.0,234.0,98.0,297.0,61.0,1.0,88.0,171.0,3.0,3.0,171.0,1
39,-120.594980642,37.4202462107,180.0,126,42,5717.0,348.0,51.0,297.0,104.0,259.0,261.0,103.0,344.0,66.0,0.0,85.0,188.0,2.0,2.0,188.0,1
40,-120.739575459,37.3311942874,178.0,126,43,5507.0,342.0,50.0,292.0,115.0,255.0,255.0,103.0,294.0,57.0,1.0,84.0,162.0,3.0,3.0,160.0,1
41,-121.600761266,37.1296889712,145.0,103,47,3796.0,265.0,46.0,219.0,98.0,191.0,195.0,91.0,503.0,97.0,1.0,87.0,280.0,4.0,5.0,276.0,1
42,-121.036478472,37.2397225528,170.0,123,44,5031.0,324.0,48.0,276.0,112.0,234.0,239.0,100.0,287.0,58.0,0.0,87.0,163.0,2.0,2.0,160.0,1
43,-120.532171794,37.3379905308,182.0,126,42,5784.0,351.0,51.0,299.0,104.0,257.0,264.0,104.0,338.0,65.0,0.0,87.0,188.0,2.0,2.0,188.0,1
44,-120.37479927,37.3377578358,184.0,126,41,5972.0,355.0,51.0,304.0,105.0,269.0,269.0,105.0,395.0,76.0,1.0,86.0,220.0,3.0,3.0,220.0,1
45,-121.943960446,37.0016000522,139.0,78,47,2835.0,227.0,63.0,164.0,98.0,176.0,176.0,98.0,691.0,144.0,2.0,91.0,408.0,7.0,7.0,408.0,1
46,-122.08321698,36.9521934062,144.0,67,47,2427.0,219.0,78.0,140.0,109.0,176.0,176.0,109.0,660.0,137.0,2.0,90.0,391.0,8.0,8.0,391.0,1
47,-120.664142434,37.2516222693,180.0,127,42,5603.0,346.0,50.0,295.0,116.0,252.0,258.0,104.0,290.0,55.0,0.0,85.0,159.0,2.0,2.0,157.0,1
48,-120.848230792,37.2111974606,175.0,126,43,5299.0,335.0,49.0,286.0,115.0,246.0,248.0,102.0,276.0,54.0,1.0,84.0,153.0,3.0,3.0,149.0,1
49,-121.570789475,37.0423137123,153.0,104,47,3830.0,273.0,52.0,221.0,100.0,199.0,203.0,98.0,436.0,89.0,1.0,90.0,254.0,4.0,4.0,253.0,1
50,-120.983479997,37.1563794643,171.0,124,44,5071.0,326.0,48.0,278.0,113.0,236.0,241.0,101.0,268.0,54.0,0.0,87.0,152.0,1.0,2.0,149.0,1
51,-121.807853292,36.9784108449,145.0,86,47,3112.0,242.0,61.0,181.0,100.0,182.0,186.0,100.0,552.0,121.0,1.0,94.0,344.0,5.0,5.0,344.0,1
52,-120.529109978,37.2345163789,182.0,127,42,5742.0,351.0,51.0,299.0,117.0,257.0,263.0,105.0,298.0,56.0,0.0,85.0,163.0,2.0,2.0,161.0,1
53,-120.261421742,37.2530812044,185.0,126,41,6032.0,358.0,52.0,306.0,106.0,272.0,272.0,106.0,377.0,69.0,1.0,84.0,203.0,3.0,3.0,203.0,1
54,-120.382953747,37.2165180762,184.0,127,41,5883.0,355.0,52.0,303.0,113.0,261.0,268.0,106.0,326.0,60.0,0.0,84.0,175.0,2.0,2.0,175.0,1
55,-120.711792468,37.1452843731,178.0,127,43,5454.0,341.0,49.0,292.0,116.0,248.0,253.0,103.0,258.0,50.0,0.0,84.0,143.0,1.0,2.0,139.0,1
56,-120.843669115,37.1159882831,174.0,126,44,5258.0,334.0,48.0,286.0,114.0,242.0,247.0,102.0,257.0,50.0,1.0,84.0,143.0,3.0,3.0,138.0,1
57,-121.551051514,36.9527233302,151.0,102,47,3738.0,269.0,52.0,217.0,97.0,200.0,200.0,97.0,385.0,86.0,1.0,95.0,245.0,3.0,3.0,245.0,1
58,-121.381250091,36.9816490039,152.0,111,46,4165.0,283.0,44.0,239.0,100.0,204.0,208.0,92.0,404.0,84.0,1.0,92.0,239.0,3.0,4.0,237.0,1
59,-121.787848609,36.8888568458,151.0,87,47,3146.0,250.0,67.0,183.0,106.0,188.0,193.0,106.0,471.0,97.0,1.0,89.0,276.0,5.0,5.0,276.0,1
60,-120.969819682,37.0608438199,169.0,124,44,5037.0,323.0,45.0,278.0,107.0,233.0,238.0,99.0,257.0,51.0,1.0,85.0,142.0,3.0,3.0,142.0,1
61,-121.664304696,36.8975332441,150.0,96,47,3490.0,261.0,57.0,203.0,100.0,192.0,197.0,100.0,448.0,88.0,1.0,87.0,249.0,5.0,5.0,249.0,1
62,-120.550622892,37.102404483,181.0,128,42,5658.0,349.0,50.0,298.0,117.0,255.0,261.0,105.0,259.0,48.0,0.0,85.0,141.0,1.0,2.0,139.0,1
63,-120.408844514,37.1167971143,183.0,128,42,5848.0,354.0,51.0,303.0,117.0,260.0,267.0,106.0,288.0,52.0,0.0,83.0,153.0,2.0,2.0,152.0,1
64,-120.713090379,37.0491561511,177.0,128,43,5431.0,341.0,49.0,292.0,115.0,247.0,253.0,103.0,245.0,47.0,0.0,84.0,136.0,1.0,2.0,132.0,1
65,-120.280581267,37.1379252424,185.0,127,41,5990.0,358.0,52.0,306.0,110.0,265.0,271.0,106.0,327.0,59.0,0.0,84.0,175.0,2.0,2.0,175.0,1
66,-120.077637039,37.1741062342,186.0,126,40,6219.0,361.0,50.0,310.0,115.0,276.0,276.0,105.0,405.0,73.0,1.0,82.0,214.0,3.0,3.0,211.0,1
67,-121.52070077,36.8648835781,155.0,104,47,3800.0,276.0,55.0,220.0,101.0,205.0,206.0,101.0,337.0,70.0,1.0,89.0,198.0,3.0,3.0,198.0,1
68,-121.389613055,36.8860202142,158.0,111,46,4133.0,289.0,51.0,238.0,101.0,210.0,213.0,99.0,359.0,72.0,1.0,87.0,202.0,3.0,4.0,202.0,1
69,-121.790920836,36.7886832998,151.0,85,47,3051.0,247.0,69.0,178.0,108.0,187.0,192.0,108.0,435.0,91.0,1.0,89.0,256.0,5.0,5.0,256.0,1
70,-120.874092229,36.9610234989,172.0,127,44,5220.0,332.0,46.0,285.0,109.0,239.0,244.0,100.0,226.0,46.0,0.0,86.0,129.0,1.0,2.0,128.0,1
71,-120.568615667,37.0050626696,181.0,129,43,5637.0,348.0,49.0,298.0,117.0,254.0,260.0,105.0,246.0,46.0,0.0,84.0,133.0,1.0,2.0,132.0,1
72,-121.616759924,36.7609403554,150.0,98,47,3528.0,262.0,55.0,206.0,107.0,192.0,197.0,99.0,401.0,82.0,1.0,90.0,231.0,4.0,5.0,229.0,1
73,-120.728780427,36.9466822877,176.0,128,43,5398.0,340.0,47.0,292.0,115.0,246.0,251.0,102.0,225.0,44.0,0.0,84.0,125.0,1.0,2.0,123.0,1
74,-120.121712707,37.0697164132,187.0,127,41,6140.0,362.0,52.0,310.0,110.0,275.0,276.0,107.0,332.0,61.0,0.0,83.0,178.0,2.0,2.0,178.0,1
75,-120.249273652,37.0383710351,186.0,128,41,6002.0,359.0,51.0,307.0,107.0,265.0,272.0,107.0,291.0,53.0,0.0,84.0,156.0,2.0,2.0,156.0,1
76,-120.397950349,37.0019556458,183.0,129,42,5826.0,354.0,51.0,304.0,116.0,260.0,266.0,106.0,265.0,48.0,0.0,84.0,141.0,1.0,2.0,141.0,1
77,-121.724612111,36.7092947144,152.0,88,47,3149.0,252.0,67.0,184.0,107.0,189.0,194.0,107.0,394.0,83.0,1.0,89.0,232.0,5.0,5.0,232.0,1
78,-119.92976945,37.0464825572,188.0,127,40,6310.0,365.0,51.0,313.0,116.0,280.0,280.0,106.0,382.0,71.0,1.0,84.0,207.0,3.0,3.0,205.0,1
79,-121.941239764,36.6165301065,142.0,69,48,2480.0,220.0,75.0,145.0,107.0,175.0,175.0,107.0,629.0,127.0,2.0,87.0,359.0,7.0,7.0,359.0,1
80,-120.548754844,36.9144818041,179.0,130,43,5606.0,347.0,48.0,299.0,105.0,252.0,258.0,104.0,230.0,43.0,0.0,83.0,124.0,1.0,2.0,124.0,1
81,-121.559682984,36.6781008894,153.0,100,47,3612.0,267.0,56.0,211.0,108.0,196.0,201.0,101.0,399.0,82.0,1.0,89.0,230.0,4.0,5.0,228.0,1
82,-120.722219182,36.8544062712,174.0,129,44,5372.0,337.0,44.0,292.0,105.0,243.0,248.0,100.0,215.0,43.0,0.0,86.0,123.0,1.0,2.0,123.0,1
83,-120.189344121,36.9518821994,186.0,129,41,6023.0,360.0,51.0,309.0,107.0,272.0,272.0,107.0,272.0,49.0,0.0,84.0,146.0,0.0,0.0,146.0,1
84,-120.335615934,36.9129613026,184.0,130,42,5844.0,355.0,50.0,305.0,106.0,267.0,267.0,106.0,242.0,44.0,0.0,84.0,130.0,0.0,0.0,130.0,1
85,-121.664789616,36.6279214337,154.0,93,47,3357.0,261.0,64.0,196.0,106.0,194.0,199.0,106.0,354.0,75.0,1.0,89.0,207.0,4.0,5.0,207.0,1
86,-120.042334309,36.9492622279,187.0,129,41,6147.0,363.0,52.0,311.0,111.0,276.0,276.0,107.0,294.0,54.0,0.0,84.0,159.0,0.0,0.0,158.0,1
87,-119.907132975,36.9567928834,189.0,128,40,6311.0,366.0,52.0,315.0,117.0,281.0,281.0,107.0,337.0,63.0,0.0,83.0,181.0,1.0,1.0,180.0,1
88,-120.434400263,36.8446444884,182.0,130,42,5745.0,352.0,49.0,303.0,105.0,260.0,263.0,105.0,229.0,43.0,0.0,84.0,124.0,0.0,1.0,124.0,1
89,-121.52337998,36.5910138065,156.0,102,47,3701.0,273.0,57.0,216.0,103.0,200.0,205.0,103.0,390.0,82.0,1.0,89.0,225.0,4.0,5.0,225.0,1
90,-120.656176255,36.7615860046,175.0,130,43,5465.0,340.0,44.0,295.0,100.0,245.0,251.0,100.0,215.0,43.0,0.0,85.0,122.0,1.0,2.0,122.0,1
91,-119.736220472,36.9428821151,191.0,127,39,6487.0,370.0,52.0,318.0,116.0,286.0,286.0,108.0,364.0,67.0,0.0,83.0,194.0,1.0,1.0,192.0,1
92,-120.532497782,36.7705342972,178.0,131,43,5626.0,347.0,46.0,300.0,102.0,251.0,258.0,102.0,221.0,43.0,0.0,84.0,123.0,1.0,2.0,123.0,1
93,-120.133856392,36.8091532399,186.0,130,41,6035.0,361.0,50.0,310.0,107.0,273.0,273.0,107.0,243.0,45.0,0.0,84.0,131.0,0.0,0.0,131.0,1
94,-120.253875281,36.7828498651,185.0,131,42,5904.0,357.0,49.0,308.0,106.0,269.0,269.0,106.0,225.0,42.0,0.0,84.0,122.0,0.0,0.0,122.0,1
95,-120.003052319,36.8272832552,188.0,130,41,6155.0,364.0,51.0,313.0,113.0,277.0,277.0,107.0,260.0,48.0,0.0,84.0,139.0,0.0,0.0,139.0,1
96,-121.457201869,36.5115405397,158.0,107,47,3900.0,282.0,55.0,227.0,105.0,207.0,210.0,103.0,394.0,82.0,1.0,89.0,226.0,3.0,4.0,226.0,1
97,-120.36636087,36.7192132791,183.0,131,42,5809.0,354.0,48.0,306.0,105.0,265.0,265.0,105.0,213.0,41.0,0.0,85.0,119.0,0.0,0.0,119.0,1
98,-120.525087246,36.6759777686,177.0,131,43,5602.0,345.0,44.0,300.0,101.0,250.0,255.0,101.0,219.0,44.0,0.0,85.0,126.0,1.0,2.0,126.0,1
99,-119.628202891,36.8222570274,191.0,128,40,6521.0,371.0,52.0,319.0,117.0,287.0,287.0,108.0,360.0,68.0,0.0,84.0,195.0,1.0,1.0,193.0,1
100,-119.91152992,36.7444080422,189.0,130,41,6253.0,367.0,51.0,315.0,119.0,280.0,280.0,108.0,256.0,48.0,0.0,84.0,139.0,0.0,0.0,137.0,1
101,-121.405789945,36.4277403724,159.0,109,47,3977.0,285.0,54.0,231.0,103.0,213.0,213.0,103.0,380.0,80.0,1.0,89.0,224.0,3.0,3.0,224.0,1
102,-120.178999408,36.6397003006,186.0,132,42,5960.0,359.0,49.0,310.0,107.0,271.0,271.0,107.0,209.0,40.0,0.0,84.0,114.0,0.0,0.0,114.0,1
103,-120.464645072,36.5744806691,175.0,132,43,5614.0,344.0,42.0,301.0,99.0,248.0,254.0,99.0,210.0,43.0,0.0,86.0,125.0,1.0,2.0,125.0,1
104,-121.253838774,36.3940199244,161.0,115,46,4256.0,296.0,50.0,245.0,107.0,218.0,219.0,101.0,376.0,76.0,1.0,89.0,214.0,3.0,3.0,212.0,1
105,-119.721502033,36.7120660981,191.0,129,40,6412.0,370.0,52.0,318.0,119.0,285.0,285.0,109.0,294.0,55.0,0.0,84.0,160.0,0.0,0.0,157.0,1
106,-120.335686692,36.5843864447,182.0,132,43,5779.0,353.0,47.0,306.0,104.0,264.0,264.0,104.0,202.0,40.0,0.0,85.0,114.0,0.0,0.0,114.0,1
107,-120.005035988,36.6404843963,188.0,131,41,6119.0,364.0,50.0,313.0,119.0,276.0,276.0,108.0,219.0,41.0,0.0,84.0,118.0,0.0,0.0,117.0,1
108,-119.467049424,36.747539057,193.0,127,39,6665.0,375.0,53.0,322.0,116.0,291.0,291.0,108.0,368.0,68.0,0.0,83.0,195.0,1.0,1.0,193.0,1
110,-119.831785426,36.6378308881,190.0,130,41,6311.0,368.0,52.0,317.0,119.0,282.0,282.0,109.0,250.0,46.0,0.0,83.0,136.0,0.0,0.0,132.0,1
111,-121.22921034,36.299692328,161.0,115,46,4303.0,297.0,49.0,247.0,101.0,216.0,220.0,101.0,362.0,75.0,1.0,90.0,211.0,3.0,3.0,211.0,1
112,-120.335906016,36.4888343037,178.0,133,43,5734.0,349.0,43.0,305.0,101.0,253.0,259.0,101.0,209.0,44.0,0.0,87.0,124.0,1.0,2.0,124.0,1
113,-120.029982111,36.5391363291,188.0,132,42,6094.0,363.0,50.0,314.0,119.0,275.0,275.0,108.0,203.0,39.0,0.0,83.0,110.0,0.0,0.0,108.0,1
114,-119.568906283,36.625563322,193.0,128,40,6548.0,373.0,53.0,320.0,116.0,289.0,289.0,109.0,319.0,62.0,0.0,85.0,174.0,0.0,0.0,174.0,1
115,-119.674817145,36.5736275848,192.0,130,40,6405.0,371.0,52.0,319.0,120.0,285.0,285.0,109.0,256.0,48.0,0.0,84.0,141.0,0.0,0.0,136.0,1
116,-120.162152707,36.4638640754,185.0,133,42,5961.0,359.0,48.0,311.0,106.0,270.0,270.0,106.0,196.0,39.0,0.0,83.0,108.0,0.0,0.0,108.0,1
117,-119.814414705,36.5280117043,190.0,131,41,6280.0,368.0,51.0,317.0,119.0,281.0,281.0,109.0,226.0,43.0,0.0,84.0,124.0,0.0,0.0,119.0,1
118,-121.088717496,36.2522579317,157.0,120,46,4523.0,300.0,41.0,258.0,105.0,217.0,219.0,94.0,399.0,83.0,1.0,90.0,232.0,3.0,3.0,229.0,1
119,-120.283487901,36.4061363672,180.0,133,43,5802.0,352.0,44.0,307.0,102.0,257.0,262.0,102.0,202.0,43.0,0.0,88.0,120.0,0.0,1.0,120.0,1
120,-119.425034773,36.5421658377,195.0,128,39,6653.0,376.0,54.0,322.0,111.0,293.0,293.0,110.0,330.0,65.0,0.0,85.0,181.0,0.0,0.0,181.0,1
121,-119.933857221,36.4271297169,189.0,132,41,6150.0,365.0,50.0,315.0,119.0,277.0,277.0,108.0,200.0,39.0,0.0,83.0,111.0,0.0,0.0,106.0,1
122,-120.113849405,36.3642371051,184.0,133,42,5965.0,358.0,46.0,311.0,116.0,262.0,269.0,105.0,194.0,39.0,0.0,84.0,109.0,2.0,2.0,107.0,1
123,-121.091110068,36.1576798089,159.0,117,46,4425.0,298.0,45.0,253.0,98.0,214.0,220.0,98.0,362.0,78.0,0.0,93.0,223.0,2.0,2.0,223.0,1
124,-120.221070547,36.3191386346,180.0,133,43,5817.0,352.0,43.0,308.0,109.0,256.0,263.0,102.0,200.0,42.0,0.0,88.0,117.0,1.0,2.0,117.0,1
125,-119.59656186,36.4448613115,193.0,130,40,6453.0,373.0,53.0,320.0,120.0,287.0,287.0,110.0,247.0,48.0,0.0,85.0,136.0,0.0,0.0,132.0,1
126,-119.71776513,36.4088197026,192.0,131,41,6329.0,370.0,52.0,318.0,120.0,283.0,283.0,110.0,217.0,42.0,0.0,84.0,120.0,0.0,0.0,115.0,1
127,-119.886912132,36.3338347358,189.0,132,41,6169.0,366.0,50.0,316.0,119.0,278.0,278.0,108.0,195.0,39.0,0.0,84.0,111.0,0.0,0.0,105.0,1
128,-119.295082775,36.4520309624,197.0,127,39,6749.0,379.0,56.0,324.0,111.0,296.0,296.0,111.0,339.0,67.0,0.0,85.0,186.0,0.0,0.0,186.0,1
129,-120.964975471,36.0907127394,161.0,121,46,4621.0,306.0,44.0,262.0,99.0,219.0,225.0,97.0,367.0,77.0,1.0,90.0,215.0,3.0,3.0,215.0,1
130,-120.0037961,36.2894660065,185.0,133,42,6023.0,360.0,46.0,313.0,117.0,264.0,271.0,106.0,191.0,39.0,0.0,84.0,111.0,2.0,2.0,105.0,1
131,-120.178154284,36.2316999457,179.0,134,43,5827.0,351.0,42.0,308.0,113.0,255.0,262.0,102.0,202.0,42.0,0.0,88.0,119.0,1.0,2.0,116.0,1
132,-119.532350234,36.3516690736,195.0,130,40,6513.0,375.0,54.0,321.0,121.0,290.0,290.0,111.0,244.0,48.0,0.0,85.0,134.0,0.0,0.0,131.0,1
133,-119.744085864,36.2945861176,192.0,132,41,6310.0,370.0,52.0,318.0,120.0,283.0,283.0,110.0,207.0,40.0,0.0,84.0,115.0,0.0,0.0,110.0,1
134,-119.399322912,36.3622678107,196.0,129,39,6635.0,377.0,55.0,322.0,121.0,293.0,293.0,112.0,278.0,54.0,0.0,85.0,150.0,0.0,0.0,148.0,1
135,-119.155829524,36.3843464814,198.0,126,38,6927.0,381.0,54.0,326.0,110.0,300.0,300.0,110.0,413.0,83.0,1.0,84.0,228.0,3.0,3.0,228.0,1
136,-120.905960641,36.0084844193,162.0,121,46,4683.0,307.0,43.0,264.0,102.0,221.0,227.0,98.0,352.0,74.0,1.0,90.0,207.0,3.0,3.0,205.0,1
137,-119.857786076,36.215614841,189.0,133,42,6175.0,366.0,50.0,316.0,120.0,278.0,279.0,109.0,189.0,38.0,0.0,84.0,108.0,0.0,0.0,102.0,1
138,-120.050542785,36.1592408541,183.0,134,42,5933.0,356.0,44.0,311.0,115.0,261.0,268.0,104.0,189.0,40.0,0.0,88.0,113.0,1.0,2.0,108.0,1
139,-119.568459998,36.2510272225,194.0,130,40,6455.0,374.0,54.0,320.0,122.0,288.0,288.0,111.0,221.0,43.0,0.0,85.0,122.0,0.0,0.0,118.0,1
140,-119.704115398,36.208981564,193.0,132,41,6328.0,371.0,52.0,319.0,121.0,284.0,284.0,111.0,200.0,39.0,0.0,84.0,112.0,0.0,0.0,107.0,1
141,-119.225897309,36.2763705725,198.0,127,39,6792.0,380.0,56.0,325.0,121.0,298.0,298.0,112.0,319.0,63.0,0.0,85.0,175.0,2.0,2.0,174.0,1
142,-119.900118439,36.1087892951,188.0,133,42,6096.0,364.0,49.0,315.0,119.0,269.0,276.0,108.0,181.0,36.0,0.0,85.0,106.0,1.0,2.0,98.0,1
143,-119.084861549,36.2573180654,197.0,126,38,6929.0,380.0,53.0,326.0,126.0,299.0,299.0,109.0,383.0,71.0,0.0,82.0,202.0,2.0,2.0,196.0,1
144,-119.368606954,36.1969001857,197.0,129,40,6638.0,378.0,56.0,323.0,122.0,295.0,295.0,113.0,246.0,48.0,0.0,85.0,136.0,0.0,0.0,131.0,1
145,-120.032324957,36.0506587597,183.0,134,42,5942.0,356.0,44.0,311.0,116.0,261.0,268.0,104.0,187.0,40.0,0.0,88.0,112.0,1.0,2.0,109.0,1
146,-119.500978463,36.1435867199,196.0,131,40,6464.0,375.0,54.0,321.0,123.0,290.0,290.0,112.0,208.0,40.0,0.0,84.0,115.0,0.0,0.0,110.0,1
147,-119.660373194,36.1014761403,193.0,132,41,6336.0,372.0,52.0,319.0,122.0,286.0,286.0,111.0,190.0,37.0,0.0,84.0,107.0,0.0,0.0,100.0,1
148,-119.233324457,36.1650241039,199.0,128,39,6761.0,381.0,56.0,324.0,123.0,297.0,298.0,113.0,283.0,55.0,0.0,83.0,153.0,2.0,2.0,152.0,1
149,-119.819398919,36.0207527937,190.0,133,42,6149.0,366.0,50.0,316.0,121.0,271.0,279.0,110.0,179.0,35.0,0.0,83.0,102.0,1.0,2.0,93.0,1
150,-119.410341611,36.0587382736,198.0,130,40,6567.0,378.0,56.0,322.0,123.0,293.0,293.0,114.0,216.0,42.0,0.0,84.0,120.0,0.0,0.0,114.0,1
151,-119.222624008,36.0699691226,199.0,128,39,6737.0,381.0,56.0,324.0,123.0,291.0,298.0,113.0,265.0,51.0,0.0,83.0,143.0,2.0,2.0,140.0,1
152,-119.091561017,36.0951065616,200.0,127,39,6889.0,382.0,56.0,326.0,114.0,301.0,301.0,112.0,332.0,65.0,0.0,84.0,180.0,2.0,2.0,180.0,1
153,-119.775923054,35.9251001784,191.0,133,42,6158.0,366.0,50.0,316.0,121.0,272.0,280.0,111.0,173.0,33.0,0.0,83.0,99.0,1.0,2.0,90.0,1
154,-119.655945537,35.9484109777,193.0,132,41,6283.0,370.0,52.0,318.0,123.0,276.0,285.0,112.0,172.0,33.0,0.0,82.0,98.0,2.0,2.0,89.0,1
155,-119.364671777,35.9609925649,198.0,130,40,6587.0,378.0,56.0,322.0,124.0,285.0,295.0,114.0,213.0,41.0,0.0,83.0,117.0,2.0,2.0,110.0,1
156,-119.877983507,35.8461341327,185.0,133,42,5977.0,358.0,46.0,311.0,117.0,263.0,271.0,107.0,172.0,36.0,0.0,89.0,105.0,1.0,2.0,99.0,1
157,-119.164792228,35.9867605905,200.0,128,39,6804.0,382.0,56.0,325.0,122.0,299.0,299.0,113.0,282.0,55.0,0.0,83.0,152.0,2.0,2.0,150.0,1
158,-119.279283717,35.8849969683,199.0,130,40,6648.0,380.0,56.0,323.0,124.0,287.0,296.0,114.0,222.0,42.0,0.0,82.0,120.0,2.0,2.0,113.0,1
159,-119.427209541,35.760853498,197.0,131,41,6432.0,375.0,55.0,320.0,125.0,282.0,291.0,115.0,174.0,32.0,0.0,83.0,97.0,2.0,2.0,87.0,1
160,-119.610851774,35.7225974069,194.0,132,41,6237.0,369.0,53.0,316.0,123.0,276.0,284.0,113.0,155.0,30.0,0.0,82.0,89.0,1.0,2.0,78.0,1
161,-119.178386586,35.809573092,199.0,129,39,6705.0,380.0,55.0,324.0,123.0,297.0,297.0,113.0,233.0,43.0,0.0,82.0,124.0,2.0,2.0,117.0,1
162,-119.769531501,35.6399007338,186.0,133,42,5987.0,358.0,47.0,310.0,118.0,264.0,272.0,108.0,155.0,31.0,0.0,86.0,93.0,1.0,2.0,85.0,1
163,-120.830184472,35.4016926674,160.0,99,46,3804.0,275.0,62.0,213.0,115.0,207.0,213.0,108.0,514.0,107.0,1.0,92.0,309.0,3.0,3.0,300.0,1
164,-119.331516175,35.6778768711,198.0,131,40,6527.0,377.0,56.0,321.0,124.0,284.0,293.0,115.0,185.0,34.0,0.0,82.0,101.0,2.0,2.0,91.0,1
165,-119.555546761,35.5978229739,194.0,132,41,6211.0,368.0,53.0,315.0,124.0,275.0,284.0,114.0,150.0,29.0,0.0,82.0,87.0,1.0,2.0,73.0,1
166,-120.742687699,35.3269986378,161.0,99,46,3831.0,277.0,63.0,214.0,110.0,214.0,215.0,109.0,528.0,109.0,1.0,90.0,307.0,3.0,3.0,307.0,1
167,-120.668452862,35.2491553743,163.0,97,46,3747.0,275.0,66.0,209.0,112.0,208.0,215.0,112.0,492.0,107.0,0.0,95.0,308.0,1.0,2.0,308.0,1
168,-119.596096657,35.4513424035,192.0,131,42,6042.0,363.0,53.0,309.0,124.0,271.0,280.0,114.0,136.0,28.0,0.0,84.0,81.0,1.0,2.0,69.0,1
169,-119.372809117,35.4872179285,197.0,131,41,6365.0,373.0,56.0,317.0,125.0,281.0,290.0,116.0,159.0,31.0,0.0,82.0,90.0,2.0,2.0,76.0,1
170,-119.220126921,35.4250945207,199.0,130,40,6477.0,376.0,57.0,319.0,126.0,284.0,294.0,117.0,163.0,31.0,0.0,81.0,91.0,2.0,2.0,79.0,1
171,-119.40040058,35.3874113975,196.0,130,41,6256.0,370.0,56.0,314.0,126.0,278.0,288.0,116.0,153.0,30.0,0.0,81.0,88.0,2.0,2.0,72.0,1
172,-120.5849014,35.1119940512,167.0,94,46,3665.0,277.0,74.0,203.0,125.0,212.0,219.0,118.0,436.0,87.0,0.0,90.0,257.0,2.0,2.0,246.0,1
173,-119.290596451,35.3081594396,198.0,130,41,6329.0,373.0,58.0,314.0,127.0,281.0,291.0,118.0,162.0,32.0,0.0,80.0,92.0,2.0,2.0,75.0,1
174,-120.466716761,35.0390434984,165.0,96,46,3777.0,278.0,69.0,208.0,121.0,211.0,219.0,115.0,377.0,78.0,0.0,92.0,232.0,1.0,2.0,212.0,1
175,-118.994433279,35.2782304779,203.0,129,40,6625.0,381.0,60.0,321.0,128.0,290.0,300.0,119.0,191.0,34.0,0.0,79.0,101.0,2.0,3.0,95.0,1
176,-120.637399814,34.8891006022,155.0,78,46,3052.0,247.0,77.0,169.0,119.0,193.0,198.0,115.0,425.0,85.0,0.0,90.0,253.0,2.0,2.0,228.0,1
177,-120.396587787,34.9286470191,167.0,96,46,3788.0,280.0,71.0,208.0,123.0,213.0,221.0,117.0,356.0,69.0,0.0,88.0,204.0,1.0,2.0,184.0,1
178,-118.84880421,35.1655004715,202.0,128,40,6618.0,380.0,60.0,319.0,146.0,289.0,299.0,118.0,234.0,39.0,1.0,75.0,114.0,4.0,6.0,109.0,1
179,-120.39572727,34.7527694438,159.0,85,46,3375.0,259.0,74.0,185.0,119.0,199.0,207.0,115.0,348.0,73.0,0.0,92.0,213.0,1.0,2.0,181.0,1
180,-120.600734979,34.6888989977,160.0,66,46,2637.0,238.0,93.0,144.0,129.0,189.0,197.0,126.0,359.0,74.0,0.0,90.0,216.0,1.0,2.0,183.0,1
181,-120.338407955,34.6047103143,157.0,76,45,3069.0,248.0,81.0,167.0,121.0,193.0,201.0,118.0,421.0,86.0,0.0,92.0,255.0,1.0,2.0,226.0,1
182,-120.187774408,34.6014873309,163.0,86,45,3495.0,266.0,77.0,189.0,122.0,205.0,213.0,118.0,414.0,88.0,0.0,94.0,257.0,1.0,2.0,237.0,1
183,-118.920864255,34.2814377167,182.0,100,43,4560.0,309.0,77.0,231.0,129.0,239.0,249.0,125.0,395.0,88.0,0.0,98.0,259.0,1.0,2.0,230.0,1
184,-119.57301183,34.0430649519,171.0,62,43,2888.0,251.0,105.0,145.0,137.0,203.0,213.0,136.0,568.0,130.0,0.0,100.0,374.0,1.0,2.0,350.0,1
185,-116.233816449,33.7467299041,234.0,134,40,6941.0,416.0,81.0,335.0,144.0,286.0,334.0,143.0,95.0,17.0,0.0,61.0,46.0,2.0,23.0,46.0,1
186,-116.136660264,33.6634468717,237.0,134,40,6936.0,419.0,84.0,335.0,146.0,289.0,337.0,146.0,84.0,16.0,0.0,62.0,42.0,1.0,21.0,42.0,1
187,-116.01791489,33.5781532343,239.0,135,40,6964.0,422.0,86.0,335.0,148.0,291.0,340.0,147.0,83.0,14.0,0.0,58.0,38.0,1.0,23.0,38.0,1
188,-116.140119301,33.5515708726,237.0,134,40,6842.0,417.0,85.0,332.0,147.0,287.0,336.0,147.0,81.0,16.0,0.0,66.0,43.0,1.0,18.0,43.0,1
189,-115.910716726,33.5017291893,238.0,135,39,7019.0,422.0,85.0,337.0,150.0,291.0,340.0,146.0,82.0,13.0,1.0,55.0,35.0,3.0,25.0,35.0,1
190,-116.08451875,33.4630824807,237.0,135,40,6795.0,417.0,86.0,331.0,148.0,287.0,335.0,148.0,76.0,15.0,0.0,63.0,40.0,1.0,18.0,40.0,1
191,-114.59532669,33.679460692,251.0,130,37,7718.0,435.0,85.0,350.0,358.0,316.0,358.0,148.0,95.0,19.0,1.0,61.0,45.0,3.0,45.0,32.0,1
192,-115.694448021,33.4275087499,238.0,135,39,7091.0,422.0,83.0,338.0,145.0,292.0,340.0,144.0,82.0,12.0,0.0,53.0,34.0,2.0,26.0,34.0,1
193,-114.54527295,33.5926309872,252.0,130,37,7700.0,437.0,87.0,349.0,360.0,317.0,360.0,149.0,100.0,19.0,1.0,58.0,44.0,3.0,44.0,36.0,1
194,-114.709213912,33.5570001301,250.0,131,37,7618.0,434.0,86.0,348.0,356.0,313.0,356.0,148.0,87.0,16.0,0.0,58.0,38.0,2.0,38.0,31.0,1
195,-115.943661325,33.3355262839,242.0,135,40,6849.0,423.0,90.0,332.0,152.0,292.0,341.0,152.0,72.0,13.0,0.0,61.0,36.0,1.0,18.0,36.0,1
196,-115.621998334,33.3209540177,248.0,135,39,7110.0,433.0,93.0,339.0,155.0,303.0,350.0,155.0,67.0,11.0,0.0,57.0,30.0,1.0,21.0,30.0,1
197,-114.656305382,33.4723100935,252.0,131,37,7619.0,436.0,88.0,348.0,359.0,315.0,359.0,150.0,96.0,17.0,1.0,57.0,40.0,3.0,40.0,34.0,1
198,-115.848324585,33.2234822738,242.0,135,40,6820.0,423.0,91.0,332.0,152.0,292.0,341.0,152.0,66.0,12.0,0.0,61.0,33.0,1.0,17.0,33.0,1
199,-115.543860364,33.2422571842,249.0,135,39,7089.0,433.0,94.0,338.0,156.0,303.0,351.0,156.0,64.0,10.0,0.0,55.0,28.0,1.0,20.0,28.0,1
200,-115.816533436,33.1364966246,242.0,136,40,6798.0,423.0,92.0,331.0,153.0,292.0,341.0,153.0,64.0,11.0,0.0,59.0,31.0,1.0,18.0,31.0,1
201,-115.648568369,33.1614864084,247.0,136,40,6963.0,430.0,94.0,336.0,156.0,299.0,347.0,156.0,62.0,10.0,0.0,58.0,29.0,1.0,19.0,29.0,1
202,-115.419852051,33.1711519282,248.0,135,39,7141.0,433.0,93.0,340.0,154.0,303.0,351.0,154.0,66.0,9.0,0.0,58.0,27.0,0.0,23.0,27.0,1
203,-115.529724203,33.0898717709,248.0,136,40,7043.0,432.0,94.0,338.0,156.0,302.0,350.0,156.0,61.0,10.0,0.0,60.0,28.0,0.0,19.0,28.0,1
204,-115.709414252,33.0583138093,243.0,136,40,6820.0,424.0,92.0,332.0,153.0,293.0,341.0,153.0,62.0,11.0,0.0,60.0,31.0,1.0,17.0,31.0,1
205,-115.389504257,33.0838781038,249.0,135,39,7130.0,434.0,93.0,340.0,155.0,304.0,351.0,155.0,63.0,9.0,0.0,57.0,26.0,0.0,22.0,26.0,1
206,-115.679488803,32.9712548776,241.0,136,41,6802.0,422.0,90.0,332.0,152.0,291.0,339.0,152.0,61.0,11.0,0.0,59.0,30.0,1.0,17.0,30.0,1
207,-115.56917127,32.9904909179,245.0,136,40,6934.0,428.0,93.0,335.0,154.0,297.0,345.0,154.0,61.0,10.0,0.0,59.0,28.0,0.0,19.0,28.0,1
208,-115.354543607,32.9976636758,249.0,136,40,7102.0,433.0,93.0,339.0,155.0,303.0,350.0,155.0,64.0,9.0,0.0,58.0,27.0,0.0,22.0,27.0,1
209,-115.514156642,32.9077746334,246.0,137,40,6935.0,429.0,93.0,335.0,155.0,298.0,346.0,155.0,59.0,9.0,0.0,59.0,26.0,0.0,19.0,26.0,1
210,-115.732258998,32.8694219405,239.0,137,41,6682.0,419.0,89.0,329.0,151.0,287.0,336.0,151.0,76.0,12.0,0.0,57.0,35.0,1.0,22.0,35.0,1
211,-115.31965911,32.9114272274,249.0,136,40,7098.0,432.0,93.0,339.0,155.0,303.0,350.0,155.0,64.0,9.0,0.0,59.0,27.0,0.0,22.0,27.0,1
212,-115.496493314,32.8185636593,246.0,137,40,6934.0,428.0,92.0,336.0,154.0,297.0,345.0,154.0,66.0,10.0,0.0,59.0,30.0,0.0,20.0,30.0,1
213,-115.690715177,32.7843909727,239.0,137,41,6689.0,420.0,90.0,329.0,152.0,288.0,336.0,152.0,85.0,14.0,0.0,59.0,39.0,1.0,24.0,39.0,1
214,-115.361805511,32.8116566554,247.0,136,40,7038.0,431.0,93.0,338.0,155.0,301.0,348.0,155.0,64.0,9.0,0.0,61.0,27.0,0.0,21.0,27.0,1
215,-115.493053028,32.7268734325,244.0,137,40,6899.0,427.0,92.0,335.0,154.0,296.0,344.0,154.0,72.0,11.0,0.0,60.0,31.0,1.0,23.0,31.0,1
216,-115.604780997,32.7068462473,241.0,137,41,6749.0,422.0,90.0,331.0,153.0,290.0,338.0,153.0,88.0,13.0,0.0,59.0,39.0,1.0,26.0,39.0,1
217,-115.366401961,32.7186010848,246.0,137,40,7008.0,430.0,92.0,337.0,154.0,299.0,347.0,154.0,65.0,10.0,0.0,60.0,28.0,0.0,22.0,28.0,1
218,-114.574971327,32.7423295243,255.0,132,38,7393.0,435.0,92.0,342.0,177.0,315.0,358.0,155.0,76.0,11.0,0.0,55.0,30.0,1.0,28.0,30.0,1
0,-121.85284821423387,39.69859688377785,179.0,122,37,6993.0,370.0,41.0,328.0,87.0,279.0,279.0,87.0,703.0,154.0,1.0,85.0,431.0,7.0,7.0,431.0,0
1,-115.27376159002486,34.393923324425174,227.0,130,36,7892.0,417.0,61.0,355.0,317.0,293.0,338.0,121.0,136.0,20.0,1.0,47.0,52.0,7.0,52.0,44.0,0
2,-116.1807442488544,35.68251637203878,231.0,125,33,8777.0,432.0,53.0,379.0,160.0,307.0,353.0,112.0,145.0,22.0,2.0,48.0,64.0,10.0,40.0,50.0,0
3,-121.17165128979616,36.778331270645374,134.0,119,46,4504.0,277.0,18.0,258.0,82.0,191.0,195.0,71.0,369.0,72.0,1.0,86.0,206.0,3.0,4.0,198.0,0
4,-122.7425735250928,39.26535258717932,75.0,114,41,5394.0,234.0,-40.0,274.0,3.0,151.0,151.0,3.0,1178.0,231.0,2.0,86.0,673.0,15.0,15.0,673.0,0
5,-114.1728757623816,34.234838315195255,248.0,127,35,8063.0,433.0,77.0,355.0,157.0,319.0,359.0,140.0,114.0,17.0,1.0,52.0,46.0,4.0,38.0,46.0,0
6,-116.05252980857075,35.15999572543404,231.0,129,34,8419.0,429.0,57.0,372.0,331.0,302.0,349.0,117.0,111.0,14.0,2.0,41.0,39.0,6.0,39.0,36.0,0
7,-116.84988160285906,32.95453830004918,171.0,114,44,4774.0,310.0,55.0,254.0,129.0,228.0,242.0,111.0,479.0,89.0,3.0,84.0,263.0,9.0,15.0,244.0,0
8,-123.71610973622992,40.73360238883975,83.0,94,41,4658.0,219.0,-10.0,229.0,25.0,144.0,152.0,25.0,1462.0,274.0,3.0,79.0,800.0,29.0,31.0,800.0,0
9,-121.51976251952506,40.494476033805135,26.0,122,37,6821.0,215.0,-109.0,324.0,-61.0,126.0,126.0,-61.0,1242.0,209.0,7.0,67.0,606.0,40.0,40.0,606.0,0
10,-119.8909746013017,34.581175436313586,163.0,97,45,4035.0,281.0,66.0,215.0,116.0,213.0,221.0,111.0,478.0,105.0,0.0,96.0,305.0,1.0,2.0,279.0,0
11,-122.96950093549728,39.059560641186536,130.0,100,41,4834.0,269.0,25.0,244.0,65.0,192.0,198.0,65.0,925.0,229.0,1.0,98.0,645.0,8.0,9.0,645.0,0
12,-117.4500228402632,37.02717682277074,193.0,116,30,8938.0,395.0,20.0,374.0,90.0,269.0,320.0,75.0,92.0,12.0,3.0,33.0,35.0,12.0,21.0,31.0,0
13,-115.67743357110042,33.59701866851736,204.0,134,39,7046.0,387.0,51.0,336.0,111.0,258.0,305.0,111.0,77.0,12.0,0.0,58.0,35.0,1.0,24.0,35.0,0
14,-120.3272975968308,37.54922250897667,174.0,124,40,6086.0,347.0,42.0,305.0,99.0,262.0,262.0,95.0,587.0,108.0,1.0,83.0,313.0,4.0,4.0,313.0,0
15,-119.81683788935052,38.68069656908938,85.0,122,36,7248.0,274.0,-64.0,338.0,-7.0,192.0,192.0,-7.0,558.0,108.0,8.0,72.0,300.0,27.0,27.0,300.0,0
16,-121.11303994704367,39.1252259467289,145.0,123,38,6545.0,327.0,11.0,316.0,59.0,238.0,238.0,59.0,1229.0,248.0,2.0,84.0,704.0,13.0,13.0,704.0,0
17,-120.89812933080498,41.87420894380726,86.0,116,34,7549.0,289.0,-50.0,339.0,2.0,202.0,202.0,-8.0,434.0,56.0,10.0,38.0,161.0,37.0,37.0,149.0,0
18,-116.37573854172106,32.77889762190144,132.0,128,45,5347.0,287.0,4.0,282.0,71.0,165.0,211.0,64.0,383.0,80.0,2.0,81.0,212.0,14.0,38.0,206.0,0
19,-115.21487207028302,35.04621871451148,164.0,128,35,7979.0,354.0,0.0,355.0,194.0,233.0,276.0,58.0,241.0,33.0,2.0,45.0,93.0,12.0,91.0,76.0,0
20,-123.45415026981584,41.52232994543351,72.0,106,40,5412.0,228.0,-35.0,264.0,4.0,142.0,152.0,4.0,1601.0,293.0,8.0,78.0,873.0,37.0,51.0,873.0,0
21,-121.65722361361615,40.44882322215272,79.0,122,36,7114.0,273.0,-58.0,332.0,-11.0,184.0,184.0,-11.0,996.0,160.0,6.0,64.0,467.0,35.0,35.0,467.0,0
22,-121.54366199691,36.87580816619506,152.0,102,47,3713.0,270.0,54.0,215.0,99.0,201.0,202.0,99.0,372.0,80.0,1.0,92.0,226.0,3.0,3.0,226.0,0
23,-121.84504740035212,38.41085182112627,167.0,117,43,5179.0,321.0,48.0,272.0,95.0,237.0,237.0,95.0,516.0,113.0,0.0,92.0,317.0,2.0,2.0,317.0,0
24,-119.6204911857168,36.173994339862176,194.0,131,41,6396.0,373.0,53.0,320.0,122.0,287.0,287.0,112.0,204.0,40.0,0.0,84.0,113.0,0.0,0.0,108.0,0
25,-119.8642051390605,35.33581344366566,128.0,129,44,5454.0,289.0,-1.0,291.0,66.0,199.0,207.0,57.0,213.0,44.0,0.0,87.0,129.0,2.0,2.0,110.0,0
26,-122.75395586242236,39.96892001774563,69.0,119,40,6033.0,244.0,-53.0,297.0,-9.0,156.0,156.0,-9.0,874.0,164.0,3.0,75.0,462.0,21.0,21.0,462.0,0
27,-121.2270921787052,41.55720176632524,95.0,119,34,7545.0,298.0,-43.0,342.0,11.0,210.0,210.0,0.0,374.0,46.0,7.0,40.0,135.0,30.0,30.0,130.0,0
28,-122.00101969661272,37.205959026243136,117.0,78,47,2879.0,205.0,40.0,165.0,76.0,155.0,155.0,76.0,706.0,156.0,1.0,94.0,445.0,6.0,6.0,445.0,0
29,-120.46562516186894,39.85332222502694,86.0,123,35,7443.0,283.0,-61.0,344.0,-9.0,196.0,196.0,-9.0,840.0,167.0,7.0,78.0,472.0,29.0,29.0,472.0,0
30,-122.50725775744722,41.915558006169086,116.0,119,37,6874.0,307.0,-14.0,322.0,37.0,220.0,220.0,29.0,417.0,71.0,8.0,59.0,203.0,30.0,30.0,202.0,0
31,-121.10994365315766,37.96933810766583,175.0,122,42,5465.0,336.0,50.0,286.0,100.0,250.0,250.0,100.0,383.0,75.0,1.0,83.0,213.0,3.0,3.0,213.0,0
32,-118.6141310784546,34.806827587417224,155.0,126,41,6182.0,323.0,19.0,304.0,84.0,236.0,245.0,76.0,283.0,58.0,1.0,87.0,168.0,3.0,7.0,142.0,0
33,-119.08965853759987,35.728971696435025,197.0,129,39,6754.0,378.0,53.0,325.0,140.0,295.0,295.0,111.0,243.0,43.0,0.0,81.0,128.0,2.0,2.0,119.0,0
34,-114.7456643662047,34.982288336136186,226.0,126,34,8353.0,418.0,54.0,364.0,129.0,300.0,342.0,114.0,145.0,21.0,1.0,52.0,62.0,5.0,50.0,54.0,0
35,-120.08840396478588,37.81882454503178,134.0,122,39,6338.0,310.0,0.0,309.0,53.0,227.0,227.0,53.0,925.0,194.0,2.0,86.0,551.0,7.0,7.0,551.0,0
36,-115.77471462414346,34.61894218296384,227.0,131,36,8000.0,421.0,60.0,360.0,340.0,294.0,340.0,121.0,136.0,21.0,1.0,50.0,58.0,6.0,58.0,43.0,0
37,-117.90162850885592,36.74571053064713,142.0,116,32,8201.0,334.0,-17.0,351.0,46.0,212.0,260.0,35.0,134.0,24.0,3.0,65.0,71.0,11.0,15.0,66.0,0
38,-122.04028906039436,38.12895758564869,162.0,108,44,4555.0,298.0,52.0,245.0,97.0,222.0,222.0,97.0,484.0,106.0,0.0,91.0,299.0,2.0,2.0,299.0,0
39,-120.4227212336496,36.88491450928755,182.0,130,42,5755.0,352.0,49.0,303.0,105.0,258.0,264.0,105.0,237.0,44.0,0.0,83.0,128.0,0.0,1.0,128.0,0
40,-115.9176987826841,32.69108427345091,220.0,136,42,6252.0,394.0,78.0,316.0,140.0,263.0,312.0,140.0,131.0,24.0,1.0,64.0,66.0,4.0,28.0,66.0,0
41,-122.59785299651652,41.22745706525714,72.0,120,37,6684.0,260.0,-59.0,318.0,-13.0,169.0,171.0,-13.0,1089.0,183.0,9.0,71.0,544.0,44.0,45.0,544.0,0
42,-122.4091859347594,38.67794084528899,149.0,112,42,5159.0,300.0,34.0,266.0,78.0,220.0,220.0,78.0,746.0,169.0,1.0,93.0,478.0,5.0,5.0,478.0,0
43,-119.34601835128646,34.92188385639329,142.0,124,43,5585.0,302.0,14.0,287.0,79.0,215.0,224.0,71.0,271.0,53.0,0.0,85.0,156.0,3.0,3.0,137.0,0
44,-119.57846707158876,36.989886247402325,183.0,126,39,6655.0,365.0,43.0,321.0,106.0,281.0,281.0,99.0,493.0,92.0,1.0,83.0,264.0,3.0,3.0,259.0,0
45,-120.27731183870668,41.44764029635412,66.0,116,33,7776.0,270.0,-76.0,347.0,-12.0,185.0,185.0,-32.0,445.0,51.0,10.0,38.0,152.0,37.0,37.0,150.0,0
46,-121.75563883185866,37.52587011201275,117.0,102,46,3879.0,239.0,18.0,221.0,62.0,165.0,169.0,62.0,516.0,98.0,1.0,83.0,279.0,5.0,7.0,279.0,0
47,-116.50142636009306,35.77278935655717,249.0,124,32,8889.0,451.0,70.0,380.0,149.0,326.0,373.0,128.0,94.0,17.0,1.0,63.0,49.0,6.0,20.0,38.0,0
48,-116.65907377552536,33.442624668512934,126.0,129,44,5697.0,287.0,-7.0,294.0,56.0,164.0,210.0,53.0,414.0,79.0,1.0,77.0,223.0,14.0,41.0,220.0,0
49,-117.9294162628918,36.47898005731772,163.0,117,33,8180.0,356.0,5.0,351.0,68.0,229.0,281.0,57.0,159.0,30.0,2.0,72.0,89.0,11.0,16.0,82.0,0
50,-119.5011385593239,36.36231886586493,195.0,130,40,6513.0,375.0,54.0,321.0,121.0,290.0,290.0,111.0,244.0,48.0,0.0,85.0,134.0,0.0,0.0,131.0,0
51,-116.11267765621228,34.633155497419594,212.0,132,36,7870.0,405.0,46.0,358.0,185.0,277.0,323.0,107.0,93.0,12.0,1.0,48.0,36.0,4.0,33.0,35.0,0
52,-115.69208509625778,33.20798034102885,246.0,136,40,6954.0,429.0,94.0,335.0,155.0,298.0,347.0,155.0,63.0,11.0,0.0,59.0,30.0,1.0,19.0,30.0,0
53,-121.33904307044284,41.24548955859723,89.0,120,35,7493.0,290.0,-51.0,342.0,-5.0,202.0,202.0,-5.0,647.0,96.0,6.0,57.0,287.0,29.0,29.0,287.0,0
54,-114.97596527150144,33.49527781710247,235.0,132,38,7417.0,418.0,75.0,343.0,209.0,294.0,339.0,136.0,82.0,13.0,0.0,60.0,34.0,0.0,32.0,33.0,0
55,-122.76207671432664,38.42232145733144,154.0,92,43,4106.0,273.0,59.0,214.0,97.0,210.0,210.0,97.0,880.0,195.0,1.0,90.0,552.0,7.0,7.0,552.0,0
56,-120.51414478217433,40.76268985045567,72.0,120,34,7683.0,275.0,-73.0,348.0,-25.0,188.0,188.0,-25.0,353.0,55.0,6.0,52.0,163.0,23.0,23.0,163.0,0
57,-122.16370475405236,38.71197184617352,163.0,117,41,5507.0,324.0,41.0,282.0,87.0,239.0,239.0,87.0,476.0,105.0,1.0,90.0,293.0,5.0,5.0,293.0,0
58,-120.118616123045,39.737638156401005,88.0,123,34,7715.0,288.0,-64.0,353.0,-11.0,202.0,202.0,-11.0,353.0,63.0,8.0,62.0,179.0,24.0,24.0,179.0,0
59,-120.5537700737413,39.53264200438405,73.0,124,37,7019.0,264.0,-68.0,332.0,-16.0,176.0,176.0,-16.0,1226.0,239.0,6.0,78.0,684.0,29.0,29.0,684.0,0
60,-121.87757435589197,39.79965314169553,178.0,122,36,7106.0,371.0,39.0,331.0,85.0,280.0,280.0,85.0,739.0,155.0,1.0,83.0,438.0,9.0,9.0,438.0,0
61,-116.86145632957634,35.38101418019158,176.0,126,35,8046.0,370.0,12.0,358.0,83.0,244.0,290.0,69.0,142.0,27.0,1.0,67.0,78.0,6.0,36.0,60.0,0
62,-121.34769425503212,40.984662519956906,112.0,121,34,7643.0,315.0,-31.0,347.0,15.0,227.0,227.0,15.0,518.0,82.0,4.0,60.0,241.0,19.0,19.0,241.0,0
63,-118.00761568308916,35.18598846220625,181.0,128,37,7310.0,367.0,29.0,337.0,96.0,238.0,286.0,86.0,132.0,25.0,1.0,81.0,73.0,4.0,10.0,70.0,0
64,-120.9939697046023,37.85267743547308,176.0,123,42,5507.0,338.0,50.0,288.0,101.0,252.0,252.0,101.0,366.0,69.0,1.0,83.0,198.0,3.0,3.0,198.0,0
65,-123.06531434033566,40.994287213832266,27.0,116,40,5863.0,199.0,-90.0,290.0,-46.0,105.0,114.0,-46.0,1249.0,218.0,7.0,73.0,649.0,40.0,47.0,649.0,0
66,-122.96478558671936,41.77032401320395,94.0,115,38,6214.0,271.0,-26.0,298.0,15.0,175.0,187.0,15.0,765.0,140.0,9.0,73.0,414.0,38.0,41.0,414.0,0
67,-115.11809061961026,34.24611054941148,243.0,130,36,7888.0,432.0,77.0,355.0,137.0,309.0,353.0,137.0,88.0,12.0,1.0,48.0,34.0,4.0,29.0,34.0,0
68,-121.50434823535026,39.0828316178919,180.0,123,39,6375.0,359.0,48.0,311.0,95.0,269.0,269.0,95.0,568.0,118.0,1.0,85.0,337.0,5.0,5.0,337.0,0
69,-115.27118988735998,34.78555399602276,217.0,129,35,8115.0,409.0,48.0,360.0,330.0,286.0,330.0,108.0,157.0,24.0,2.0,49.0,64.0,8.0,64.0,50.0,0
70,-121.27918077676502,41.57270860526586,96.0,119,34,7540.0,300.0,-42.0,342.0,12.0,212.0,212.0,1.0,367.0,48.0,6.0,44.0,139.0,28.0,28.0,135.0,0
71,-120.60914254836156,36.01489254047264,138.0,128,45,5088.0,295.0,12.0,282.0,80.0,205.0,210.0,69.0,361.0,73.0,1.0,91.0,215.0,3.0,3.0,205.0,0
72,-123.7841686771422,40.94634593343297,95.0,91,40,4597.0,228.0,3.0,224.0,40.0,155.0,163.0,38.0,1528.0,287.0,4.0,78.0,815.0,32.0,34.0,812.0,0
73,-121.62743010319714,36.64737560261694,154.0,93,47,3357.0,261.0,64.0,196.0,106.0,194.0,199.0,106.0,354.0,75.0,1.0,89.0,207.0,4.0,5.0,207.0,0
74,-119.33057466893776,34.258572661985255,184.0,90,43,4042.0,298.0,91.0,206.0,138.0,234.0,243.0,134.0,430.0,98.0,0.0,100.0,291.0,1.0,2.0,256.0,0
75,-121.40977174129272,40.17586214655487,63.0,122,37,6930.0,253.0,-74.0,327.0,-25.0,164.0,164.0,-25.0,1351.0,269.0,5.0,78.0,761.0,27.0,27.0,761.0,0
76,-117.3464466697939,36.82477372687197,171.0,116,31,8691.0,368.0,1.0,366.0,70.0,245.0,294.0,55.0,96.0,14.0,3.0,40.0,39.0,11.0,24.0,36.0,0
77,-123.56330923019216,40.06095450550693,128.0,100,40,5024.0,273.0,26.0,247.0,63.0,193.0,201.0,63.0,1524.0,316.0,2.0,86.0,913.0,16.0,24.0,913.0,0
78,-120.75632610862802,38.85732542097734,139.0,122,38,6504.0,319.0,4.0,314.0,54.0,233.0,233.0,54.0,1270.0,250.0,4.0,82.0,719.0,16.0,16.0,719.0,0
79,-123.47698868522622,41.86704237193622,91.0,103,40,5340.0,246.0,-13.0,259.0,25.0,161.0,172.0,25.0,1446.0,288.0,7.0,82.0,847.0,30.0,41.0,847.0,0
80,-120.55949055687736,41.37541860121985,100.0,117,33,7895.0,308.0,-43.0,351.0,8.0,221.0,221.0,0.0,290.0,38.0,5.0,44.0,111.0,21.0,21.0,111.0,0
81,-123.63069749628488,41.82418429541987,73.0,97,40,4922.0,215.0,-24.0,239.0,12.0,137.0,147.0,12.0,1986.0,409.0,6.0,87.0,1206.0,30.0,41.0,1206.0,0
82,-116.70855628021664,36.11329228086315,233.0,120,31,8928.0,434.0,56.0,378.0,160.0,311.0,357.0,112.0,103.0,18.0,1.0,58.0,52.0,7.0,24.0,36.0,0
83,-122.82095925480996,41.61086836019933,100.0,118,37,6527.0,284.0,-26.0,310.0,17.0,189.0,198.0,17.0,631.0,115.0,9.0,71.0,337.0,37.0,37.0,337.0,0
84,-118.64279136105372,37.04825775916847,8.0,118,37,6899.0,185.0,-133.0,318.0,-72.0,101.0,110.0,-79.0,533.0,99.0,11.0,70.0,286.0,34.0,34.0,268.0,0
85,-123.78926241385088,39.2859566060601,136.0,59,40,3067.0,220.0,72.0,148.0,97.0,173.0,180.0,97.0,1230.0,233.0,2.0,82.0,682.0,16.0,26.0,682.0,0
86,-123.33224720545375,39.65550189292288,113.0,101,40,5030.0,258.0,8.0,249.0,47.0,178.0,185.0,47.0,1397.0,262.0,2.0,84.0,771.0,15.0,21.0,771.0,0
87,-120.13543721360354,40.74248767121064,87.0,118,33,7997.0,293.0,-63.0,356.0,-15.0,207.0,207.0,-15.0,195.0,27.0,5.0,42.0,80.0,17.0,17.0,80.0,0
88,-121.50436856019172,40.150296723563066,81.0,122,37,6962.0,272.0,-56.0,328.0,-8.0,182.0,182.0,-8.0,1355.0,252.0,4.0,75.0,720.0,25.0,25.0,720.0,0
89,-117.78095422119893,34.38687210286036,103.0,127,42,5999.0,267.0,-32.0,300.0,32.0,180.0,190.0,25.0,505.0,104.0,2.0,91.0,301.0,7.0,11.0,294.0,0
90,-120.6894048663159,35.463461236239866,152.0,110,46,4256.0,282.0,44.0,238.0,94.0,205.0,212.0,94.0,485.0,106.0,0.0,94.0,305.0,1.0,2.0,305.0,0
91,-118.45060999309185,34.763973080963375,161.0,127,41,6288.0,331.0,23.0,307.0,89.0,243.0,253.0,81.0,295.0,60.0,1.0,90.0,179.0,3.0,7.0,161.0,0
92,-121.91462618427988,41.84498445532145,89.0,120,35,7196.0,288.0,-44.0,333.0,9.0,199.0,199.0,0.0,378.0,52.0,8.0,42.0,152.0,35.0,35.0,145.0,0
93,-115.65934845544749,34.00387595654047,211.0,132,38,7432.0,398.0,52.0,345.0,317.0,271.0,317.0,113.0,89.0,15.0,1.0,56.0,41.0,3.0,41.0,33.0,0
94,-121.87998727584689,41.66277401379896,86.0,121,35,7237.0,285.0,-49.0,335.0,-4.0,196.0,196.0,-4.0,477.0,71.0,7.0,54.0,208.0,30.0,30.0,208.0,0
95,-117.92312313854195,37.43829593716574,114.0,117,32,8333.0,310.0,-48.0,358.0,18.0,173.0,235.0,5.0,201.0,25.0,8.0,27.0,72.0,32.0,48.0,64.0,0
96,-117.43304783485884,35.77752142602719,181.0,122,34,8160.0,375.0,18.0,356.0,85.0,249.0,297.0,73.0,102.0,20.0,1.0,67.0,57.0,6.0,20.0,44.0,0
97,-117.02173149354422,33.43661737064158,156.0,119,44,5192.0,303.0,32.0,270.0,96.0,219.0,232.0,89.0,465.0,86.0,2.0,83.0,254.0,13.0,23.0,248.0,0
98,-117.4943133768774,34.018432210240576,193.0,123,42,5825.0,351.0,59.0,292.0,127.0,266.0,278.0,118.0,494.0,104.0,2.0,91.0,310.0,6.0,8.0,270.0,0
99,-117.77001002949544,35.31960451285841,173.0,127,36,7570.0,362.0,18.0,343.0,85.0,234.0,281.0,74.0,156.0,30.0,1.0,78.0,89.0,5.0,13.0,74.0,0
100,-119.422064484451,35.580079660553665,196.0,131,41,6326.0,372.0,55.0,317.0,125.0,279.0,288.0,115.0,157.0,30.0,0.0,82.0,89.0,2.0,2.0,77.0,0
101,-119.9649970981822,41.87245265760752,79.0,112,32,7970.0,286.0,-64.0,350.0,-22.0,201.0,201.0,-22.0,484.0,63.0,12.0,41.0,187.0,43.0,43.0,187.0,0
102,-121.56359541646208,36.97162019862988,153.0,103,47,3768.0,272.0,53.0,218.0,99.0,203.0,203.0,99.0,380.0,84.0,1.0,93.0,238.0,3.0,3.0,238.0,0
103,-123.61633629652506,38.895624938917095,129.0,53,40,2716.0,203.0,70.0,132.0,94.0,162.0,168.0,94.0,1116.0,213.0,3.0,84.0,629.0,14.0,23.0,629.0,0
104,-117.34395523382663,33.165791852507326,188.0,88,43,3908.0,299.0,96.0,203.0,144.0,232.0,246.0,139.0,287.0,56.0,1.0,87.0,164.0,4.0,5.0,155.0,0
105,-122.01923984845271,41.95075104774682,88.0,120,36,7098.0,286.0,-44.0,330.0,10.0,197.0,197.0,0.0,408.0,69.0,7.0,58.0,197.0,28.0,28.0,189.0,0
106,-122.2214196138807,41.24840426928984,103.0,122,36,7222.0,300.0,-35.0,336.0,11.0,211.0,211.0,11.0,1434.0,278.0,8.0,79.0,793.0,35.0,35.0,793.0,0
107,-120.7815010981869,35.36031406827941,162.0,99,46,3820.0,278.0,64.0,214.0,113.0,209.0,216.0,110.0,498.0,104.0,1.0,92.0,296.0,3.0,3.0,294.0,0
108,-121.72645681775649,36.48901129451546,139.0,86,48,3050.0,236.0,57.0,178.0,96.0,177.0,180.0,96.0,498.0,108.0,1.0,90.0,300.0,4.0,4.0,300.0,0
109,-120.3497091190283,41.66603256268831,78.0,115,33,7799.0,283.0,-63.0,347.0,-8.0,198.0,198.0,-20.0,542.0,72.0,12.0,44.0,210.0,41.0,41.0,208.0,0
110,-115.79328756522344,32.76589678110096,234.0,137,42,6521.0,412.0,87.0,324.0,149.0,280.0,329.0,149.0,96.0,16.0,1.0,58.0,46.0,3.0,24.0,46.0,0
111,-119.17335585498913,36.15178431976767,199.0,128,39,6807.0,381.0,56.0,325.0,120.0,299.0,299.0,113.0,301.0,59.0,0.0,84.0,163.0,2.0,2.0,163.0,0
112,-119.16525669262498,36.88023870021526,168.0,123,37,7043.0,353.0,25.0,328.0,80.0,273.0,273.0,79.0,602.0,126.0,1.0,86.0,351.0,4.0,4.0,350.0,0
113,-120.5084300255919,39.59416127733505,60.0,124,37,7043.0,251.0,-82.0,333.0,-30.0,163.0,163.0,-30.0,1199.0,225.0,8.0,75.0,642.0,35.0,35.0,642.0,0
114,-120.82911119741742,36.64060674918057,141.0,128,45,5118.0,299.0,14.0,285.0,81.0,208.0,211.0,70.0,312.0,63.0,1.0,88.0,181.0,3.0,3.0,176.0,0
115,-114.52476284945688,34.08101466640671,239.0,128,36,7857.0,423.0,71.0,351.0,133.0,306.0,348.0,133.0,110.0,17.0,1.0,57.0,49.0,3.0,36.0,49.0,0
116,-118.13273935906392,34.67109865144097,171.0,128,40,6437.0,343.0,30.0,313.0,97.0,255.0,264.0,88.0,200.0,40.0,1.0,87.0,118.0,5.0,9.0,110.0,0
117,-115.85972868299449,34.27286553876491,204.0,132,37,7548.0,393.0,44.0,349.0,311.0,265.0,311.0,104.0,104.0,14.0,1.0,51.0,44.0,4.0,44.0,36.0,0
118,-115.03963176866212,34.11777204562327,240.0,130,36,7803.0,428.0,75.0,352.0,136.0,306.0,350.0,136.0,89.0,13.0,1.0,54.0,39.0,3.0,27.0,39.0,0
119,-116.79577222296577,32.879502591765466,169.0,115,45,4809.0,310.0,53.0,257.0,124.0,227.0,241.0,109.0,459.0,89.0,2.0,85.0,259.0,9.0,15.0,235.0,0
120,-117.4258567023308,36.57128193872147,133.0,116,32,8266.0,324.0,-29.0,354.0,36.0,202.0,250.0,23.0,122.0,20.0,2.0,50.0,55.0,11.0,29.0,51.0,0
121,-122.74745775396345,41.502996177293824,75.0,119,38,6517.0,259.0,-52.0,311.0,-6.0,173.0,173.0,-7.0,722.0,126.0,11.0,67.0,371.0,45.0,45.0,371.0,0
122,-115.61422799012512,35.31431562578918,151.0,128,35,8040.0,342.0,-15.0,358.0,264.0,220.0,264.0,43.0,281.0,37.0,4.0,41.0,109.0,18.0,109.0,87.0,0
123,-117.37778885887808,36.7805123704736,138.0,116,32,8414.0,331.0,-26.0,358.0,40.0,209.0,258.0,26.0,114.0,16.0,3.0,40.0,47.0,13.0,29.0,40.0,0
124,-121.15169263763532,35.61118611414477,160.0,93,47,3457.0,267.0,70.0,197.0,115.0,202.0,208.0,113.0,498.0,104.0,0.0,94.0,304.0,2.0,2.0,304.0,0
125,-120.9531465829437,36.37408808183989,139.0,125,46,4825.0,290.0,16.0,273.0,80.0,200.0,205.0,72.0,375.0,76.0,1.0,89.0,218.0,3.0,3.0,213.0,0
126,-117.52811271561625,33.924447488475494,191.0,120,42,5580.0,343.0,61.0,282.0,127.0,261.0,273.0,119.0,442.0,93.0,1.0,92.0,277.0,5.0,7.0,249.0,0
127,-117.3521218873138,33.86611165798232,179.0,121,42,5575.0,332.0,49.0,283.0,115.0,248.0,260.0,107.0,378.0,79.0,2.0,88.0,231.0,7.0,9.0,197.0,0
128,-120.5785921017362,41.21469813630927,94.0,118,33,7857.0,300.0,-50.0,351.0,-5.0,214.0,214.0,-5.0,272.0,35.0,5.0,42.0,104.0,20.0,20.0,104.0,0
129,-123.8345125493811,41.70558339341836,107.0,84,40,4412.0,232.0,21.0,211.0,53.0,164.0,173.0,53.0,1763.0,310.0,7.0,75.0,923.0,41.0,46.0,923.0,0
130,-114.63482580066582,34.019174048192035,231.0,129,36,7762.0,415.0,66.0,349.0,339.0,297.0,339.0,127.0,118.0,20.0,1.0,55.0,50.0,4.0,50.0,39.0,0
131,-117.04289008607591,33.82752349418606,175.0,126,42,5866.0,336.0,39.0,297.0,107.0,247.0,261.0,99.0,444.0,85.0,2.0,83.0,249.0,15.0,19.0,239.0,0
132,-121.16584347688766,41.15835316614334,103.0,120,34,7665.0,307.0,-40.0,347.0,5.0,219.0,219.0,5.0,415.0,66.0,4.0,58.0,195.0,18.0,18.0,195.0,0
133,-121.63601305618032,36.612962479675474,150.0,93,47,3341.0,256.0,60.0,195.0,103.0,191.0,195.0,103.0,378.0,79.0,1.0,88.0,221.0,4.0,4.0,221.0,0
134,-123.5428930429867,39.23518253363535,135.0,70,40,3557.0,234.0,60.0,174.0,89.0,180.0,186.0,89.0,1199.0,234.0,2.0,84.0,680.0,13.0,22.0,680.0,0
135,-120.39529558453306,37.65859368741549,177.0,124,40,6057.0,349.0,45.0,303.0,98.0,264.0,264.0,98.0,569.0,109.0,1.0,85.0,315.0,4.0,4.0,315.0,0
136,-120.69127795048432,37.652141043178176,179.0,124,42,5730.0,347.0,50.0,296.0,103.0,254.0,260.0,103.0,397.0,79.0,1.0,85.0,225.0,5.0,5.0,225.0,0
137,-116.15291904553436,33.31807439640088,193.0,135,42,6394.0,368.0,49.0,319.0,111.0,239.0,287.0,110.0,126.0,22.0,1.0,56.0,57.0,4.0,32.0,57.0,0
138,-121.00002163568008,38.8790881338169,154.0,122,39,6422.0,334.0,22.0,312.0,70.0,246.0,246.0,70.0,1046.0,208.0,2.0,83.0,596.0,12.0,12.0,596.0,0
139,-117.90886813030514,36.16196783381503,134.0,120,34,7834.0,323.0,-21.0,344.0,42.0,197.0,246.0,32.0,229.0,43.0,3.0,74.0,130.0,14.0,24.0,116.0,0
140,-116.53660357977168,34.89622886111842,202.0,131,36,7895.0,395.0,36.0,359.0,109.0,267.0,313.0,96.0,142.0,18.0,1.0,46.0,55.0,6.0,39.0,55.0,0
141,-116.05618576876977,36.0355499930654,164.0,124,33,8487.0,360.0,-7.0,368.0,66.0,238.0,283.0,49.0,235.0,44.0,2.0,63.0,126.0,13.0,45.0,116.0,0
142,-122.11226628897282,39.937351048393,177.0,122,36,7138.0,370.0,38.0,332.0,84.0,280.0,280.0,84.0,645.0,132.0,2.0,83.0,379.0,10.0,10.0,379.0,0
143,-122.99920774728535,38.64109905238003,139.0,89,42,4092.0,257.0,46.0,210.0,83.0,190.0,195.0,83.0,1203.0,283.0,1.0,93.0,795.0,10.0,12.0,795.0,0
144,-121.78585150123033,40.44535658106521,116.0,122,36,7315.0,313.0,-24.0,337.0,22.0,224.0,224.0,22.0,975.0,161.0,5.0,67.0,471.0,32.0,32.0,471.0,0
145,-122.05187473980835,39.41061661701235,179.0,123,38,6588.0,362.0,45.0,317.0,91.0,271.0,271.0,91.0,487.0,95.0,1.0,82.0,274.0,5.0,5.0,274.0,0
146,-116.95813637393488,34.227629391187264,86.0,132,42,6306.0,259.0,-55.0,314.0,13.0,133.0,178.0,4.0,541.0,96.0,2.0,77.0,282.0,20.0,40.0,276.0,0
147,-122.13609131583053,37.90155283776728,143.0,97,45,3894.0,261.0,46.0,214.0,87.0,193.0,194.0,87.0,499.0,112.0,1.0,91.0,317.0,4.0,4.0,317.0,0
148,-121.2470592124227,38.879941918318586,176.0,123,39,6328.0,355.0,45.0,310.0,93.0,266.0,266.0,93.0,647.0,130.0,2.0,82.0,368.0,8.0,8.0,368.0,0
149,-116.3111207769598,36.026891087910684,212.0,123,32,8806.0,412.0,35.0,377.0,110.0,289.0,334.0,92.0,114.0,21.0,1.0,64.0,60.0,7.0,22.0,56.0,0
150,-116.84153105722844,32.64634976590942,177.0,107,45,4413.0,308.0,70.0,237.0,136.0,229.0,243.0,122.0,324.0,62.0,1.0,86.0,183.0,5.0,8.0,165.0,0
151,-123.70339134392586,39.755845905234,115.0,87,41,4334.0,240.0,26.0,213.0,60.0,171.0,178.0,60.0,1736.0,333.0,3.0,82.0,965.0,18.0,33.0,965.0,0
152,-120.0884262156378,35.20427097135719,131.0,120,45,4872.0,277.0,11.0,266.0,75.0,193.0,201.0,67.0,376.0,78.0,0.0,92.0,228.0,1.0,2.0,211.0,0
153,-117.91948134976197,35.126683221500585,182.0,128,37,7329.0,369.0,30.0,338.0,97.0,240.0,288.0,87.0,129.0,24.0,1.0,79.0,72.0,4.0,10.0,64.0,0
154,-120.7514929742491,37.8418513121716,178.0,123,41,5771.0,345.0,49.0,296.0,100.0,259.0,259.0,100.0,441.0,86.0,1.0,83.0,245.0,5.0,5.0,245.0,0
155,-116.0411537810572,35.092109139695346,230.0,129,34,8393.0,428.0,57.0,371.0,245.0,302.0,348.0,117.0,124.0,15.0,2.0,41.0,43.0,7.0,42.0,39.0,0
156,-116.90573361263652,35.93401595092143,209.0,121,32,8624.0,408.0,38.0,370.0,109.0,284.0,330.0,93.0,80.0,14.0,1.0,66.0,44.0,5.0,16.0,37.0,0
157,-121.6813454985172,36.40476507544111,125.0,88,48,3146.0,225.0,40.0,184.0,81.0,164.0,167.0,81.0,597.0,130.0,1.0,91.0,364.0,5.0,5.0,364.0,0
158,-121.05162215223142,41.96300268175271,90.0,116,34,7475.0,293.0,-44.0,337.0,7.0,206.0,206.0,-2.0,411.0,55.0,9.0,40.0,156.0,34.0,34.0,147.0,0
159,-120.31620641111716,38.157817057243456,129.0,122,39,6353.0,305.0,-4.0,310.0,47.0,222.0,222.0,47.0,1094.0,228.0,3.0,83.0,639.0,12.0,12.0,639.0,0
160,-115.77306475897385,35.14055164254569,182.0,129,35,8132.0,376.0,13.0,362.0,296.0,251.0,296.0,73.0,226.0,30.0,3.0,40.0,86.0,14.0,86.0,66.0,0
161,-119.0162060475518,38.12253713404058,87.0,120,34,7732.0,280.0,-68.0,348.0,-10.0,145.0,202.0,-10.0,354.0,60.0,11.0,61.0,176.0,36.0,43.0,176.0,0
162,-114.6716367404194,33.767594289954545,243.0,130,37,7693.0,428.0,79.0,349.0,351.0,308.0,351.0,140.0,102.0,21.0,1.0,62.0,49.0,3.0,49.0,32.0,0
163,-116.30031235953012,35.5272173567603,151.0,126,35,8093.0,345.0,-14.0,359.0,57.0,220.0,265.0,43.0,145.0,23.0,1.0,53.0,67.0,7.0,36.0,58.0,0
164,-117.41315139648836,36.76229339904249,138.0,116,32,8414.0,331.0,-26.0,358.0,40.0,209.0,258.0,26.0,114.0,16.0,3.0,40.0,47.0,13.0,29.0,40.0,0
165,-120.74081504214443,41.64233763353308,87.0,116,33,7677.0,291.0,-52.0,344.0,1.0,205.0,205.0,-9.0,420.0,54.0,9.0,40.0,156.0,33.0,33.0,149.0,0
166,-122.23976977788122,38.40703942365983,136.0,109,43,4723.0,276.0,26.0,250.0,70.0,199.0,199.0,70.0,749.0,160.0,1.0,90.0,451.0,6.0,6.0,451.0,0
167,-114.38695737165727,34.56329946539614,247.0,126,35,8225.0,435.0,75.0,360.0,152.0,320.0,360.0,137.0,111.0,16.0,1.0,52.0,46.0,4.0,38.0,42.0,0
168,-120.53139475231517,40.14389424162432,80.0,123,35,7541.0,280.0,-66.0,347.0,-16.0,192.0,192.0,-16.0,585.0,108.0,8.0,67.0,308.0,24.0,24.0,308.0,0
169,-121.24780274583884,36.04749939092928,135.0,110,47,4055.0,263.0,28.0,234.0,78.0,185.0,190.0,78.0,481.0,110.0,1.0,97.0,309.0,3.0,3.0,309.0,0
170,-120.12034586743614,38.77124955552632,57.0,123,37,6793.0,241.0,-84.0,325.0,-29.0,157.0,157.0,-29.0,936.0,163.0,11.0,69.0,465.0,40.0,40.0,465.0,0
171,-121.3600421143944,40.74523490073387,87.0,122,35,7410.0,286.0,-54.0,341.0,-6.0,198.0,198.0,-6.0,658.0,103.0,6.0,59.0,301.0,27.0,27.0,301.0,0
172,-116.06677768335013,35.425344229677506,214.0,127,34,8517.0,412.0,39.0,373.0,115.0,287.0,333.0,99.0,157.0,20.0,2.0,39.0,58.0,10.0,49.0,51.0,0
173,-122.4317454519598,41.35866505265206,67.0,121,37,6812.0,257.0,-65.0,323.0,-19.0,169.0,169.0,-19.0,1058.0,208.0,7.0,78.0,596.0,30.0,30.0,596.0,0
174,-120.19578817794832,35.25343831633955,129.0,121,45,4850.0,275.0,9.0,266.0,67.0,191.0,198.0,65.0,407.0,91.0,0.0,96.0,257.0,1.0,2.0,256.0,0
175,-118.04119471441838,36.54063336923395,160.0,117,33,8117.0,352.0,3.0,349.0,66.0,231.0,278.0,55.0,158.0,32.0,2.0,78.0,91.0,9.0,12.0,88.0,0
176,-118.75700366216984,36.9307195707379,73.0,119,36,7056.0,254.0,-68.0,323.0,-8.0,177.0,177.0,-15.0,634.0,127.0,5.0,83.0,366.0,17.0,17.0,349.0,0
177,-120.95511538687298,36.85596309800259,151.0,126,45,5005.0,306.0,27.0,279.0,90.0,214.0,219.0,81.0,252.0,50.0,1.0,83.0,139.0,3.0,3.0,137.0,0
178,-118.19031628171692,34.77092371728275,173.0,128,40,6552.0,347.0,31.0,316.0,97.0,223.0,268.0,89.0,177.0,36.0,1.0,86.0,104.0,5.0,10.0,98.0,0
179,-123.63067749068034,40.88567015595751,108.0,99,40,4998.0,252.0,8.0,244.0,45.0,173.0,182.0,45.0,1451.0,299.0,3.0,88.0,875.0,21.0,25.0,875.0,0
180,-123.34633078260129,40.56038224389043,86.0,111,40,5563.0,248.0,-25.0,274.0,15.0,159.0,168.0,15.0,1398.0,257.0,4.0,78.0,760.0,28.0,36.0,760.0,0
181,-118.11180068356946,36.26286391265814,43.0,119,36,7183.0,224.0,-101.0,326.0,-40.0,136.0,148.0,-48.0,319.0,62.0,3.0,80.0,181.0,16.0,21.0,175.0,0
182,-116.55348361296652,34.63132648227078,162.0,132,38,7397.0,350.0,4.0,346.0,64.0,222.0,268.0,64.0,164.0,25.0,1.0,55.0,74.0,5.0,41.0,74.0,0
183,-116.44674971806194,36.217511378918736,206.0,121,32,8846.0,405.0,29.0,376.0,103.0,283.0,329.0,86.0,103.0,18.0,1.0,64.0,54.0,6.0,19.0,50.0,0
184,-115.96754879481576,35.042367025045,228.0,129,35,8350.0,425.0,55.0,370.0,131.0,299.0,345.0,115.0,135.0,17.0,2.0,40.0,47.0,7.0,42.0,45.0,0
185,-123.60050607277468,41.222724423517576,103.0,100,40,5135.0,251.0,2.0,249.0,39.0,170.0,180.0,39.0,1479.0,265.0,5.0,76.0,787.0,33.0,42.0,787.0,0
186,-120.85688690112356,38.10903688964304,174.0,123,41,5869.0,343.0,45.0,298.0,95.0,256.0,256.0,95.0,511.0,89.0,1.0,78.0,258.0,5.0,5.0,258.0,0
187,-119.91210227489049,36.808121244507625,189.0,129,41,6274.0,366.0,52.0,315.0,118.0,280.0,280.0,108.0,287.0,53.0,0.0,83.0,155.0,0.0,0.0,153.0,0
188,-120.60338853732136,35.856370855458906,150.0,125,45,4958.0,302.0,26.0,275.0,93.0,213.0,220.0,83.0,357.0,72.0,1.0,92.0,215.0,3.0,3.0,202.0,0
189,-114.92419520753428,34.32471034356965,216.0,129,36,7806.0,403.0,52.0,351.0,132.0,282.0,326.0,112.0,134.0,18.0,1.0,49.0,50.0,5.0,46.0,49.0,0
190,-120.34439095544914,34.46157932146004,154.0,67,45,2760.0,235.0,86.0,149.0,121.0,185.0,193.0,119.0,378.0,84.0,0.0,97.0,249.0,1.0,2.0,217.0,0
191,-124.20756496979097,40.53805473281496,128.0,60,40,3132.0,213.0,65.0,148.0,89.0,166.0,174.0,89.0,1428.0,260.0,3.0,78.0,778.0,23.0,32.0,778.0,0
192,-114.8048889264953,33.584854828677564,246.0,131,37,7591.0,430.0,83.0,347.0,352.0,308.0,352.0,144.0,93.0,17.0,1.0,58.0,41.0,3.0,41.0,29.0,0
193,-116.82726246893058,35.50329694920857,171.0,125,34,8112.0,365.0,6.0,359.0,76.0,240.0,286.0,63.0,131.0,24.0,1.0,67.0,72.0,6.0,34.0,58.0,0
194,-121.2551087686169,36.82745600112214,148.0,116,46,4368.0,286.0,35.0,250.0,97.0,203.0,207.0,87.0,374.0,70.0,1.0,85.0,206.0,4.0,5.0,195.0,0
195,-123.00090988659925,41.98976132524664,70.0,114,39,5976.0,243.0,-47.0,290.0,-5.0,151.0,160.0,-5.0,733.0,126.0,10.0,65.0,370.0,43.0,44.0,370.0,0
196,-118.32307071773668,33.337797789905174,173.0,57,42,2709.0,247.0,111.0,135.0,141.0,212.0,212.0,141.0,255.0,55.0,1.0,95.0,161.0,3.0,3.0,161.0,0
197,-116.13232219092374,35.43065884568248,233.0,127,33,8636.0,433.0,57.0,376.0,133.0,307.0,353.0,116.0,111.0,15.0,1.0,43.0,43.0,6.0,33.0,39.0,0
198,-121.67513851966088,37.93504717952801,163.0,113,44,4652.0,304.0,50.0,254.0,97.0,225.0,225.0,97.0,351.0,75.0,1.0,89.0,213.0,3.0,3.0,213.0,0
199,-122.12618597486636,40.39212928571952,168.0,122,35,7456.0,367.0,26.0,341.0,72.0,277.0,277.0,72.0,902.0,161.0,4.0,73.0,469.0,22.0,22.0,469.0,0
200,-114.89025239188445,33.55927224453152,246.0,132,37,7549.0,431.0,84.0,347.0,220.0,308.0,352.0,145.0,87.0,13.0,0.0,57.0,34.0,1.0,32.0,34.0,0
201,-118.02143932453195,36.70065017239918,137.0,116,33,8053.0,327.0,-19.0,347.0,43.0,245.0,253.0,32.0,239.0,46.0,5.0,72.0,136.0,18.0,21.0,125.0,0
202,-123.75811032739888,39.655405011790016,143.0,78,40,3926.0,253.0,62.0,191.0,93.0,193.0,200.0,93.0,1390.0,254.0,2.0,80.0,739.0,16.0,29.0,739.0,0
203,-116.27170961092963,34.49501336206383,184.0,133,38,7488.0,373.0,24.0,348.0,85.0,245.0,291.0,85.0,128.0,18.0,1.0,49.0,53.0,4.0,37.0,53.0,0
204,-115.8896640634213,34.23973253623371,216.0,133,37,7568.0,406.0,55.0,350.0,191.0,278.0,324.0,116.0,71.0,10.0,0.0,52.0,28.0,1.0,27.0,28.0,0
205,-117.56093755302528,34.98237622011416,182.0,129,37,7354.0,369.0,28.0,340.0,96.0,240.0,287.0,85.0,111.0,21.0,1.0,74.0,62.0,4.0,13.0,56.0,0
206,-119.39091422697888,36.416255319937626,196.0,128,39,6647.0,377.0,55.0,322.0,118.0,294.0,294.0,111.0,292.0,57.0,0.0,84.0,158.0,0.0,0.0,157.0,0
207,-119.20486290226287,34.41783766759208,167.0,104,43,4703.0,299.0,59.0,239.0,113.0,229.0,236.0,108.0,489.0,106.0,0.0,95.0,315.0,2.0,2.0,269.0,0
208,-116.37053001990296,33.23521140500804,212.0,132,42,6127.0,381.0,71.0,310.0,133.0,253.0,302.0,133.0,188.0,35.0,1.0,70.0,98.0,6.0,25.0,98.0,0
209,-118.7133658932248,34.25150988842546,178.0,107,43,4872.0,313.0,66.0,247.0,122.0,239.0,249.0,116.0,382.0,81.0,0.0,93.0,240.0,1.0,4.0,205.0,0
210,-120.11905115644322,41.556378405837286,101.0,114,32,8117.0,310.0,-45.0,356.0,-2.0,225.0,225.0,-2.0,327.0,45.0,6.0,46.0,134.0,23.0,23.0,134.0,0
211,-115.26083154133944,33.886753887386675,237.0,132,37,7591.0,424.0,75.0,348.0,169.0,299.0,344.0,136.0,75.0,12.0,1.0,55.0,31.0,3.0,29.0,31.0,0
212,-114.90243311653936,34.38845991772485,217.0,128,36,7869.0,404.0,51.0,352.0,131.0,284.0,327.0,112.0,128.0,17.0,1.0,49.0,51.0,5.0,37.0,48.0,0
213,-121.48934811100688,37.09150255864055,129.0,108,46,4025.0,256.0,24.0,232.0,76.0,178.0,182.0,71.0,469.0,96.0,1.0,90.0,274.0,4.0,5.0,272.0,0
214,-118.71290944546584,34.87770114365483,127.0,127,41,6095.0,295.0,-6.0,302.0,72.0,207.0,216.0,50.0,347.0,65.0,1.0,80.0,191.0,4.0,8.0,151.0,0
215,-120.73952191985296,35.24800193809075,153.0,95,46,3638.0,263.0,60.0,203.0,104.0,199.0,205.0,104.0,548.0,123.0,0.0,96.0,352.0,1.0,2.0,352.0,0
216,-121.16551873490369,37.51582891003353,169.0,121,44,4994.0,321.0,49.0,272.0,108.0,233.0,237.0,100.0,303.0,58.0,1.0,84.0,163.0,4.0,5.0,163.0,0
217,-115.15674086830448,33.049974312996135,245.0,135,39,7227.0,429.0,87.0,341.0,348.0,301.0,348.0,149.0,66.0,10.0,0.0,59.0,26.0,0.0,26.0,24.0,0
218,-120.25789808272675,36.51467972699216,182.0,133,43,5843.0,354.0,46.0,308.0,104.0,265.0,265.0,104.0,204.0,41.0,0.0,86.0,117.0,0.0,0.0,117.0,0
219,-121.2670902495771,41.43389080711194,95.0,119,34,7548.0,298.0,-44.0,343.0,3.0,210.0,210.0,0.0,440.0,60.0,6.0,48.0,176.0,27.0,27.0,176.0,0
220,-123.67695809512232,41.198602303986746,127.0,96,40,4965.0,269.0,30.0,239.0,66.0,192.0,202.0,66.0,1306.0,249.0,3.0,82.0,719.0,22.0,26.0,719.0,0
221,-120.86102679491326,39.07881868737633,142.0,122,38,6654.0,326.0,7.0,319.0,56.0,238.0,238.0,56.0,1127.0,221.0,3.0,81.0,635.0,16.0,16.0,635.0,0
222,-120.28645965304636,40.27764230710224,115.0,121,33,8029.0,321.0,-38.0,360.0,12.0,235.0,235.0,12.0,292.0,50.0,6.0,57.0,146.0,19.0,19.0,146.0,0
223,-118.88000388658187,37.143893933288766,43.0,120,37,6882.0,223.0,-97.0,320.0,-35.0,145.0,145.0,-42.0,695.0,128.0,7.0,76.0,378.0,23.0,23.0,349.0,0
224,-121.28126129423192,37.55419040614874,164.0,119,44,4820.0,312.0,46.0,265.0,96.0,225.0,229.0,96.0,282.0,55.0,1.0,84.0,157.0,4.0,5.0,157.0,0
225,-122.79941830060712,41.84016175129575,112.0,117,37,6508.0,295.0,-13.0,308.0,30.0,206.0,210.0,30.0,467.0,82.0,7.0,65.0,238.0,31.0,31.0,238.0,0
226,-122.94494925877171,38.12890631116747,145.0,70,43,3074.0,232.0,71.0,161.0,101.0,184.0,186.0,101.0,1013.0,210.0,1.0,88.0,596.0,9.0,9.0,596.0,0
227,-119.55775506197588,36.5500336649096,193.0,129,40,6525.0,374.0,53.0,320.0,120.0,289.0,289.0,110.0,289.0,56.0,0.0,84.0,158.0,0.0,0.0,156.0,0
228,-120.43281305292292,38.10688740204048,150.0,122,39,6256.0,325.0,17.0,308.0,68.0,240.0,240.0,68.0,965.0,204.0,1.0,86.0,574.0,9.0,9.0,574.0,0
229,-122.18329953664087,41.48714298370392,52.0,121,37,6896.0,245.0,-81.0,326.0,-34.0,156.0,156.0,-34.0,844.0,136.0,11.0,60.0,396.0,40.0,40.0,396.0,0
230,-121.64585033948792,39.22769213841247,180.0,123,38,6537.0,363.0,46.0,316.0,93.0,272.0,272.0,93.0,540.0,110.0,1.0,85.0,317.0,3.0,3.0,317.0,0
231,-123.94190585207812,40.059083972399456,123.0,77,41,3871.0,233.0,44.0,188.0,74.0,172.0,180.0,74.0,1846.0,361.0,2.0,84.0,1058.0,19.0,34.0,1058.0,0
232,-118.16529346887948,37.194700685873286,105.0,116,33,8024.0,296.0,-51.0,347.0,12.0,138.0,222.0,1.0,290.0,44.0,11.0,46.0,132.0,39.0,47.0,122.0,0
233,-116.97109593184624,33.33907502583558,156.0,118,44,5123.0,302.0,34.0,268.0,99.0,219.0,232.0,91.0,457.0,86.0,2.0,82.0,255.0,13.0,24.0,227.0,0
234,-120.11704250095218,39.81177650569055,95.0,122,34,7815.0,297.0,-58.0,355.0,-5.0,211.0,211.0,-5.0,382.0,65.0,9.0,57.0,185.0,29.0,29.0,185.0,0
235,-115.76024628984273,33.160592243056826,244.0,136,40,6842.0,425.0,93.0,332.0,154.0,294.0,343.0,154.0,65.0,11.0,0.0,59.0,31.0,1.0,19.0,31.0,0
