Longitude,Latitude,bio_1,bio_2,bio_3,bio_4,bio_5,bio_6,bio_7,bio_8,bio_9,bio_10,bio_11,bio_12,bio_13,bio_14,bio_15,bio_16,bio_17,bio_18,bio_19
-115.27376159002486,34.393923324425174,227.0,130,36,7892.0,417.0,61.0,355.0,317.0,293.0,338.0,121.0,136.0,20.0,1.0,47.0,52.0,7.0,52.0,44.0
-116.1807442488544,35.68251637203878,231.0,125,33,8777.0,432.0,53.0,379.0,160.0,307.0,353.0,112.0,145.0,22.0,2.0,48.0,64.0,10.0,40.0,50.0
-121.17165128979617,36.778331270645374,134.0,119,46,4504.0,277.0,18.0,258.0,82.0,191.0,195.0,71.0,369.0,72.0,1.0,86.0,206.0,3.0,4.0,198.0
-122.7425735250928,39.26535258717932,75.0,114,41,5394.0,234.0,-40.0,274.0,3.0,151.0,151.0,3.0,1178.0,231.0,2.0,86.0,673.0,15.0,15.0,673.0
-114.1728757623816,34.234838315195255,248.0,127,35,8063.0,433.0,77.0,355.0,157.0,319.0,359.0,140.0,114.0,17.0,1.0,52.0,46.0,4.0,38.0,46.0
-116.05252980857077,35.15999572543404,231.0,129,34,8419.0,429.0,57.0,372.0,331.0,302.0,349.0,117.0,111.0,14.0,2.0,41.0,39.0,6.0,39.0,36.0
-116.84988160285906,32.95453830004918,171.0,114,44,4774.0,310.0,55.0,254.0,129.0,228.0,242.0,111.0,479.0,89.0,3.0,84.0,263.0,9.0,15.0,244.0
-123.71610973622992,40.73360238883975,83.0,94,41,4658.0,219.0,-10.0,229.0,25.0,144.0,152.0,25.0,1462.0,274.0,3.0,79.0,800.0,29.0,31.0,800.0
-121.51976251952506,40.494476033805135,26.0,122,37,6821.0,215.0,-109.0,324.0,-61.0,126.0,126.0,-61.0,1242.0,209.0,7.0,67.0,606.0,40.0,40.0,606.0
-119.8909746013017,34.581175436313586,163.0,97,45,4035.0,281.0,66.0,215.0,116.0,213.0,221.0,111.0,478.0,105.0,0.0,96.0,305.0,1.0,2.0,279.0
-117.4500228402632,37.02717682277074,193.0,116,30,8938.0,395.0,20.0,374.0,90.0,269.0,320.0,75.0,92.0,12.0,3.0,33.0,35.0,12.0,21.0,31.0
-115.67743357110042,33.59701866851736,204.0,134,39,7046.0,387.0,51.0,336.0,111.0,258.0,305.0,111.0,77.0,12.0,0.0,58.0,35.0,1.0,24.0,35.0
-119.81683788935052,38.68069656908938,85.0,122,36,7248.0,274.0,-64.0,338.0,-7.0,192.0,192.0,-7.0,558.0,108.0,8.0,72.0,300.0,27.0,27.0,300.0
-121.11303994704369,39.1252259467289,145.0,123,38,6545.0,327.0,11.0,316.0,59.0,238.0,238.0,59.0,1229.0,248.0,2.0,84.0,704.0,13.0,13.0,704.0
-120.89812933080498,41.87420894380726,86.0,116,34,7549.0,289.0,-50.0,339.0,2.0,202.0,202.0,-8.0,434.0,56.0,10.0,38.0,161.0,37.0,37.0,149.0
-116.37573854172106,32.778897621901436,132.0,128,45,5347.0,287.0,4.0,282.0,71.0,165.0,211.0,64.0,383.0,80.0,2.0,81.0,212.0,14.0,38.0,206.0
-115.21487207028302,35.04621871451148,164.0,128,35,7979.0,354.0,0.0,355.0,194.0,233.0,276.0,58.0,241.0,33.0,2.0,45.0,93.0,12.0,91.0,76.0
-123.45415026981584,41.522329945433505,72.0,106,40,5412.0,228.0,-35.0,264.0,4.0,142.0,152.0,4.0,1601.0,293.0,8.0,78.0,873.0,37.0,51.0,873.0
-121.65722361361617,40.44882322215272,79.0,122,36,7114.0,273.0,-58.0,332.0,-11.0,184.0,184.0,-11.0,996.0,160.0,6.0,64.0,467.0,35.0,35.0,467.0
-121.54366199691,36.875808166195064,152.0,102,47,3713.0,270.0,54.0,215.0,99.0,201.0,202.0,99.0,372.0,80.0,1.0,92.0,226.0,3.0,3.0,226.0
-121.84504740035212,38.41085182112627,167.0,117,43,5179.0,321.0,48.0,272.0,95.0,237.0,237.0,95.0,516.0,113.0,0.0,92.0,317.0,2.0,2.0,317.0
-119.62049118571679,36.173994339862176,194.0,131,41,6396.0,373.0,53.0,320.0,122.0,287.0,287.0,112.0,204.0,40.0,0.0,84.0,113.0,0.0,0.0,108.0
-119.8642051390605,35.33581344366566,128.0,129,44,5454.0,289.0,-1.0,291.0,66.0,199.0,207.0,57.0,213.0,44.0,0.0,87.0,129.0,2.0,2.0,110.0
-122.75395586242236,39.96892001774563,69.0,119,40,6033.0,244.0,-53.0,297.0,-9.0,156.0,156.0,-9.0,874.0,164.0,3.0,75.0,462.0,21.0,21.0,462.0
-121.22709217870519,41.557201766325235,95.0,119,34,7545.0,298.0,-43.0,342.0,11.0,210.0,210.0,0.0,374.0,46.0,7.0,40.0,135.0,30.0,30.0,130.0
-122.00101969661272,37.205959026243136,117.0,78,47,2879.0,205.0,40.0,165.0,76.0,155.0,155.0,76.0,706.0,156.0,1.0,94.0,445.0,6.0,6.0,445.0
-120.46562516186894,39.85332222502694,86.0,123,35,7443.0,283.0,-61.0,344.0,-9.0,196.0,196.0,-9.0,840.0,167.0,7.0,78.0,472.0,29.0,29.0,472.0
-122.50725775744722,41.915558006169086,116.0,119,37,6874.0,307.0,-14.0,322.0,37.0,220.0,220.0,29.0,417.0,71.0,8.0,59.0,203.0,30.0,30.0,202.0
-121.10994365315766,37.96933810766583,175.0,122,42,5465.0,336.0,50.0,286.0,100.0,250.0,250.0,100.0,383.0,75.0,1.0,83.0,213.0,3.0,3.0,213.0
-119.08965853759987,35.728971696435025,197.0,129,39,6754.0,378.0,53.0,325.0,140.0,295.0,295.0,111.0,243.0,43.0,0.0,81.0,128.0,2.0,2.0,119.0
-114.7456643662047,34.982288336136186,226.0,126,34,8353.0,418.0,54.0,364.0,129.0,300.0,342.0,114.0,145.0,21.0,1.0,52.0,62.0,5.0,50.0,54.0
-115.77471462414346,34.61894218296384,227.0,131,36,8000.0,421.0,60.0,360.0,340.0,294.0,340.0,121.0,136.0,21.0,1.0,50.0,58.0,6.0,58.0,43.0
-117.90162850885592,36.74571053064713,142.0,116,32,8201.0,334.0,-17.0,351.0,46.0,212.0,260.0,35.0,134.0,24.0,3.0,65.0,71.0,11.0,15.0,66.0
-122.04028906039436,38.12895758564869,162.0,108,44,4555.0,298.0,52.0,245.0,97.0,222.0,222.0,97.0,484.0,106.0,0.0,91.0,299.0,2.0,2.0,299.0
-120.42272123364961,36.88491450928755,182.0,130,42,5755.0,352.0,49.0,303.0,105.0,258.0,264.0,105.0,237.0,44.0,0.0,83.0,128.0,0.0,1.0,128.0
-115.9176987826841,32.69108427345091,220.0,136,42,6252.0,394.0,78.0,316.0,140.0,263.0,312.0,140.0,131.0,24.0,1.0,64.0,66.0,4.0,28.0,66.0
-122.59785299651651,41.22745706525714,72.0,120,37,6684.0,260.0,-59.0,318.0,-13.0,169.0,171.0,-13.0,1089.0,183.0,9.0,71.0,544.0,44.0,45.0,544.0
-119.34601835128646,34.92188385639329,142.0,124,43,5585.0,302.0,14.0,287.0,79.0,215.0,224.0,71.0,271.0,53.0,0.0,85.0,156.0,3.0,3.0,137.0
-119.57846707158875,36.989886247402325,183.0,126,39,6655.0,365.0,43.0,321.0,106.0,281.0,281.0,99.0,493.0,92.0,1.0,83.0,264.0,3.0,3.0,259.0
-120.27731183870668,41.44764029635412,66.0,116,33,7776.0,270.0,-76.0,347.0,-12.0,185.0,185.0,-32.0,445.0,51.0,10.0,38.0,152.0,37.0,37.0,150.0
-121.75563883185866,37.52587011201275,117.0,102,46,3879.0,239.0,18.0,221.0,62.0,165.0,169.0,62.0,516.0,98.0,1.0,83.0,279.0,5.0,7.0,279.0
-116.50142636009306,35.77278935655717,249.0,124,32,8889.0,451.0,70.0,380.0,149.0,326.0,373.0,128.0,94.0,17.0,1.0,63.0,49.0,6.0,20.0,38.0
-116.65907377552537,33.442624668512934,126.0,129,44,5697.0,287.0,-7.0,294.0,56.0,164.0,210.0,53.0,414.0,79.0,1.0,77.0,223.0,14.0,41.0,220.0
-117.9294162628918,36.47898005731772,163.0,117,33,8180.0,356.0,5.0,351.0,68.0,229.0,281.0,57.0,159.0,30.0,2.0,72.0,89.0,11.0,16.0,82.0
-119.5011385593239,36.36231886586493,195.0,130,40,6513.0,375.0,54.0,321.0,121.0,290.0,290.0,111.0,244.0,48.0,0.0,85.0,134.0,0.0,0.0,131.0
-116.11267765621227,34.633155497419594,212.0,132,36,7870.0,405.0,46.0,358.0,185.0,277.0,323.0,107.0,93.0,12.0,1.0,48.0,36.0,4.0,33.0,35.0
-115.69208509625778,33.20798034102885,246.0,136,40,6954.0,429.0,94.0,335.0,155.0,298.0,347.0,155.0,63.0,11.0,0.0,59.0,30.0,1.0,19.0,30.0
-121.33904307044284,41.24548955859723,89.0,120,35,7493.0,290.0,-51.0,342.0,-5.0,202.0,202.0,-5.0,647.0,96.0,6.0,57.0,287.0,29.0,29.0,287.0
-114.97596527150145,33.49527781710247,235.0,132,38,7417.0,418.0,75.0,343.0,209.0,294.0,339.0,136.0,82.0,13.0,0.0,60.0,34.0,0.0,32.0,33.0
-122.76207671432664,38.42232145733144,154.0,92,43,4106.0,273.0,59.0,214.0,97.0,210.0,210.0,97.0,880.0,195.0,1.0,90.0,552.0,7.0,7.0,552.0
-120.51414478217431,40.762689850455665,72.0,120,34,7683.0,275.0,-73.0,348.0,-25.0,188.0,188.0,-25.0,353.0,55.0,6.0,52.0,163.0,23.0,23.0,163.0
-120.11861612304499,39.737638156401005,88.0,123,34,7715.0,288.0,-64.0,353.0,-11.0,202.0,202.0,-11.0,353.0,63.0,8.0,62.0,179.0,24.0,24.0,179.0
-120.5537700737413,39.532642004384044,73.0,124,37,7019.0,264.0,-68.0,332.0,-16.0,176.0,176.0,-16.0,1226.0,239.0,6.0,78.0,684.0,29.0,29.0,684.0
-116.86145632957634,35.38101418019158,176.0,126,35,8046.0,370.0,12.0,358.0,83.0,244.0,290.0,69.0,142.0,27.0,1.0,67.0,78.0,6.0,36.0,60.0
-121.34769425503211,40.984662519956906,112.0,121,34,7643.0,315.0,-31.0,347.0,15.0,227.0,227.0,15.0,518.0,82.0,4.0,60.0,241.0,19.0,19.0,241.0
-118.00761568308917,35.18598846220625,181.0,128,37,7310.0,367.0,29.0,337.0,96.0,238.0,286.0,86.0,132.0,25.0,1.0,81.0,73.0,4.0,10.0,70.0
-120.9939697046023,37.85267743547308,176.0,123,42,5507.0,338.0,50.0,288.0,101.0,252.0,252.0,101.0,366.0,69.0,1.0,83.0,198.0,3.0,3.0,198.0
-123.06531434033566,40.994287213832266,27.0,116,40,5863.0,199.0,-90.0,290.0,-46.0,105.0,114.0,-46.0,1249.0,218.0,7.0,73.0,649.0,40.0,47.0,649.0
-122.96478558671936,41.77032401320395,94.0,115,38,6214.0,271.0,-26.0,298.0,15.0,175.0,187.0,15.0,765.0,140.0,9.0,73.0,414.0,38.0,41.0,414.0
-115.11809061961026,34.24611054941148,243.0,130,36,7888.0,432.0,77.0,355.0,137.0,309.0,353.0,137.0,88.0,12.0,1.0,48.0,34.0,4.0,29.0,34.0
-115.27118988735998,34.78555399602276,217.0,129,35,8115.0,409.0,48.0,360.0,330.0,286.0,330.0,108.0,157.0,24.0,2.0,49.0,64.0,8.0,64.0,50.0
-121.27918077676502,41.57270860526586,96.0,119,34,7540.0,300.0,-42.0,342.0,12.0,212.0,212.0,1.0,367.0,48.0,6.0,44.0,139.0,28.0,28.0,135.0
-120.60914254836155,36.01489254047264,138.0,128,45,5088.0,295.0,12.0,282.0,80.0,205.0,210.0,69.0,361.0,73.0,1.0,91.0,215.0,3.0,3.0,205.0
-123.7841686771422,40.94634593343297,95.0,91,40,4597.0,228.0,3.0,224.0,40.0,155.0,163.0,38.0,1528.0,287.0,4.0,78.0,815.0,32.0,34.0,812.0
-121.62743010319714,36.64737560261694,154.0,93,47,3357.0,261.0,64.0,196.0,106.0,194.0,199.0,106.0,354.0,75.0,1.0,89.0,207.0,4.0,5.0,207.0
-119.33057466893777,34.258572661985255,184.0,90,43,4042.0,298.0,91.0,206.0,138.0,234.0,243.0,134.0,430.0,98.0,0.0,100.0,291.0,1.0,2.0,256.0
-121.40977174129273,40.17586214655487,63.0,122,37,6930.0,253.0,-74.0,327.0,-25.0,164.0,164.0,-25.0,1351.0,269.0,5.0,78.0,761.0,27.0,27.0,761.0
-117.3464466697939,36.82477372687197,171.0,116,31,8691.0,368.0,1.0,366.0,70.0,245.0,294.0,55.0,96.0,14.0,3.0,40.0,39.0,11.0,24.0,36.0
-123.56330923019216,40.06095450550693,128.0,100,40,5024.0,273.0,26.0,247.0,63.0,193.0,201.0,63.0,1524.0,316.0,2.0,86.0,913.0,16.0,24.0,913.0
-120.75632610862802,38.85732542097734,139.0,122,38,6504.0,319.0,4.0,314.0,54.0,233.0,233.0,54.0,1270.0,250.0,4.0,82.0,719.0,16.0,16.0,719.0
-123.47698868522622,41.86704237193622,91.0,103,40,5340.0,246.0,-13.0,259.0,25.0,161.0,172.0,25.0,1446.0,288.0,7.0,82.0,847.0,30.0,41.0,847.0
-120.55949055687735,41.37541860121985,100.0,117,33,7895.0,308.0,-43.0,351.0,8.0,221.0,221.0,0.0,290.0,38.0,5.0,44.0,111.0,21.0,21.0,111.0
-123.63069749628488,41.82418429541987,73.0,97,40,4922.0,215.0,-24.0,239.0,12.0,137.0,147.0,12.0,1986.0,409.0,6.0,87.0,1206.0,30.0,41.0,1206.0
-116.70855628021664,36.11329228086315,233.0,120,31,8928.0,434.0,56.0,378.0,160.0,311.0,357.0,112.0,103.0,18.0,1.0,58.0,52.0,7.0,24.0,36.0
-122.82095925480995,41.61086836019933,100.0,118,37,6527.0,284.0,-26.0,310.0,17.0,189.0,198.0,17.0,631.0,115.0,9.0,71.0,337.0,37.0,37.0,337.0
-118.64279136105372,37.048257759168465,8.0,118,37,6899.0,185.0,-133.0,318.0,-72.0,101.0,110.0,-79.0,533.0,99.0,11.0,70.0,286.0,34.0,34.0,268.0
-123.78926241385088,39.2859566060601,136.0,59,40,3067.0,220.0,72.0,148.0,97.0,173.0,180.0,97.0,1230.0,233.0,2.0,82.0,682.0,16.0,26.0,682.0
-123.33224720545377,39.65550189292288,113.0,101,40,5030.0,258.0,8.0,249.0,47.0,178.0,185.0,47.0,1397.0,262.0,2.0,84.0,771.0,15.0,21.0,771.0
-120.13543721360354,40.74248767121064,87.0,118,33,7997.0,293.0,-63.0,356.0,-15.0,207.0,207.0,-15.0,195.0,27.0,5.0,42.0,80.0,17.0,17.0,80.0
-121.50436856019172,40.150296723563066,81.0,122,37,6962.0,272.0,-56.0,328.0,-8.0,182.0,182.0,-8.0,1355.0,252.0,4.0,75.0,720.0,25.0,25.0,720.0
-117.78095422119893,34.38687210286036,103.0,127,42,5999.0,267.0,-32.0,300.0,32.0,180.0,190.0,25.0,505.0,104.0,2.0,91.0,301.0,7.0,11.0,294.0
-120.6894048663159,35.463461236239866,152.0,110,46,4256.0,282.0,44.0,238.0,94.0,205.0,212.0,94.0,485.0,106.0,0.0,94.0,305.0,1.0,2.0,305.0
-118.45060999309185,34.763973080963375,161.0,127,41,6288.0,331.0,23.0,307.0,89.0,243.0,253.0,81.0,295.0,60.0,1.0,90.0,179.0,3.0,7.0,161.0
-121.91462618427988,41.84498445532145,89.0,120,35,7196.0,288.0,-44.0,333.0,9.0,199.0,199.0,0.0,378.0,52.0,8.0,42.0,152.0,35.0,35.0,145.0
-115.65934845544747,34.00387595654047,211.0,132,38,7432.0,398.0,52.0,345.0,317.0,271.0,317.0,113.0,89.0,15.0,1.0,56.0,41.0,3.0,41.0,33.0
-121.87998727584689,41.66277401379896,86.0,121,35,7237.0,285.0,-49.0,335.0,-4.0,196.0,196.0,-4.0,477.0,71.0,7.0,54.0,208.0,30.0,30.0,208.0
-117.92312313854195,37.43829593716574,114.0,117,32,8333.0,310.0,-48.0,358.0,18.0,173.0,235.0,5.0,201.0,25.0,8.0,27.0,72.0,32.0,48.0,64.0
-117.43304783485884,35.77752142602719,181.0,122,34,8160.0,375.0,18.0,356.0,85.0,249.0,297.0,73.0,102.0,20.0,1.0,67.0,57.0,6.0,20.0,44.0
-117.4943133768774,34.018432210240576,193.0,123,42,5825.0,351.0,59.0,292.0,127.0,266.0,278.0,118.0,494.0,104.0,2.0,91.0,310.0,6.0,8.0,270.0
-119.42206448445101,35.580079660553665,196.0,131,41,6326.0,372.0,55.0,317.0,125.0,279.0,288.0,115.0,157.0,30.0,0.0,82.0,89.0,2.0,2.0,77.0
-119.96499709818221,41.87245265760752,79.0,112,32,7970.0,286.0,-64.0,350.0,-22.0,201.0,201.0,-22.0,484.0,63.0,12.0,41.0,187.0,43.0,43.0,187.0
-121.56359541646208,36.97162019862988,153.0,103,47,3768.0,272.0,53.0,218.0,99.0,203.0,203.0,99.0,380.0,84.0,1.0,93.0,238.0,3.0,3.0,238.0
-123.61633629652506,38.895624938917095,129.0,53,40,2716.0,203.0,70.0,132.0,94.0,162.0,168.0,94.0,1116.0,213.0,3.0,84.0,629.0,14.0,23.0,629.0
-117.34395523382663,33.165791852507326,188.0,88,43,3908.0,299.0,96.0,203.0,144.0,232.0,246.0,139.0,287.0,56.0,1.0,87.0,164.0,4.0,5.0,155.0
-122.01923984845273,41.95075104774682,88.0,120,36,7098.0,286.0,-44.0,330.0,10.0,197.0,197.0,0.0,408.0,69.0,7.0,58.0,197.0,28.0,28.0,189.0
-122.2214196138807,41.24840426928984,103.0,122,36,7222.0,300.0,-35.0,336.0,11.0,211.0,211.0,11.0,1434.0,278.0,8.0,79.0,793.0,35.0,35.0,793.0
-120.7815010981869,35.36031406827941,162.0,99,46,3820.0,278.0,64.0,214.0,113.0,209.0,216.0,110.0,498.0,104.0,1.0,92.0,296.0,3.0,3.0,294.0
-121.72645681775649,36.48901129451546,139.0,86,48,3050.0,236.0,57.0,178.0,96.0,177.0,180.0,96.0,498.0,108.0,1.0,90.0,300.0,4.0,4.0,300.0
-120.3497091190283,41.66603256268831,78.0,115,33,7799.0,283.0,-63.0,347.0,-8.0,198.0,198.0,-20.0,542.0,72.0,12.0,44.0,210.0,41.0,41.0,208.0
-115.79328756522344,32.76589678110096,234.0,137,42,6521.0,412.0,87.0,324.0,149.0,280.0,329.0,149.0,96.0,16.0,1.0,58.0,46.0,3.0,24.0,46.0
-119.17335585498911,36.15178431976767,199.0,128,39,6807.0,381.0,56.0,325.0,120.0,299.0,299.0,113.0,301.0,59.0,0.0,84.0,163.0,2.0,2.0,163.0
-120.5084300255919,39.59416127733505,60.0,124,37,7043.0,251.0,-82.0,333.0,-30.0,163.0,163.0,-30.0,1199.0,225.0,8.0,75.0,642.0,35.0,35.0,642.0
-120.82911119741742,36.64060674918057,141.0,128,45,5118.0,299.0,14.0,285.0,81.0,208.0,211.0,70.0,312.0,63.0,1.0,88.0,181.0,3.0,3.0,176.0
-114.52476284945689,34.08101466640671,239.0,128,36,7857.0,423.0,71.0,351.0,133.0,306.0,348.0,133.0,110.0,17.0,1.0,57.0,49.0,3.0,36.0,49.0
-118.13273935906393,34.67109865144097,171.0,128,40,6437.0,343.0,30.0,313.0,97.0,255.0,264.0,88.0,200.0,40.0,1.0,87.0,118.0,5.0,9.0,110.0
-115.85972868299449,34.27286553876491,204.0,132,37,7548.0,393.0,44.0,349.0,311.0,265.0,311.0,104.0,104.0,14.0,1.0,51.0,44.0,4.0,44.0,36.0
-115.03963176866213,34.11777204562327,240.0,130,36,7803.0,428.0,75.0,352.0,136.0,306.0,350.0,136.0,89.0,13.0,1.0,54.0,39.0,3.0,27.0,39.0
-116.79577222296577,32.879502591765466,169.0,115,45,4809.0,310.0,53.0,257.0,124.0,227.0,241.0,109.0,459.0,89.0,2.0,85.0,259.0,9.0,15.0,235.0
-117.4258567023308,36.57128193872147,133.0,116,32,8266.0,324.0,-29.0,354.0,36.0,202.0,250.0,23.0,122.0,20.0,2.0,50.0,55.0,11.0,29.0,51.0
-122.74745775396343,41.502996177293824,75.0,119,38,6517.0,259.0,-52.0,311.0,-6.0,173.0,173.0,-7.0,722.0,126.0,11.0,67.0,371.0,45.0,45.0,371.0
-115.61422799012513,35.31431562578918,151.0,128,35,8040.0,342.0,-15.0,358.0,264.0,220.0,264.0,43.0,281.0,37.0,4.0,41.0,109.0,18.0,109.0,87.0
-117.37778885887808,36.780512370473595,138.0,116,32,8414.0,331.0,-26.0,358.0,40.0,209.0,258.0,26.0,114.0,16.0,3.0,40.0,47.0,13.0,29.0,40.0
-121.15169263763532,35.61118611414477,160.0,93,47,3457.0,267.0,70.0,197.0,115.0,202.0,208.0,113.0,498.0,104.0,0.0,94.0,304.0,2.0,2.0,304.0
-120.9531465829437,36.37408808183989,139.0,125,46,4825.0,290.0,16.0,273.0,80.0,200.0,205.0,72.0,375.0,76.0,1.0,89.0,218.0,3.0,3.0,213.0
-117.52811271561625,33.924447488475494,191.0,120,42,5580.0,343.0,61.0,282.0,127.0,261.0,273.0,119.0,442.0,93.0,1.0,92.0,277.0,5.0,7.0,249.0
-117.35212188731381,33.866111657982316,179.0,121,42,5575.0,332.0,49.0,283.0,115.0,248.0,260.0,107.0,378.0,79.0,2.0,88.0,231.0,7.0,9.0,197.0
-120.5785921017362,41.21469813630927,94.0,118,33,7857.0,300.0,-50.0,351.0,-5.0,214.0,214.0,-5.0,272.0,35.0,5.0,42.0,104.0,20.0,20.0,104.0
-123.8345125493811,41.70558339341836,107.0,84,40,4412.0,232.0,21.0,211.0,53.0,164.0,173.0,53.0,1763.0,310.0,7.0,75.0,923.0,41.0,46.0,923.0
-114.63482580066582,34.019174048192035,231.0,129,36,7762.0,415.0,66.0,349.0,339.0,297.0,339.0,127.0,118.0,20.0,1.0,55.0,50.0,4.0,50.0,39.0
-121.16584347688766,41.15835316614334,103.0,120,34,7665.0,307.0,-40.0,347.0,5.0,219.0,219.0,5.0,415.0,66.0,4.0,58.0,195.0,18.0,18.0,195.0
-121.63601305618032,36.612962479675474,150.0,93,47,3341.0,256.0,60.0,195.0,103.0,191.0,195.0,103.0,378.0,79.0,1.0,88.0,221.0,4.0,4.0,221.0
-123.5428930429867,39.23518253363535,135.0,70,40,3557.0,234.0,60.0,174.0,89.0,180.0,186.0,89.0,1199.0,234.0,2.0,84.0,680.0,13.0,22.0,680.0
-120.69127795048433,37.652141043178176,179.0,124,42,5730.0,347.0,50.0,296.0,103.0,254.0,260.0,103.0,397.0,79.0,1.0,85.0,225.0,5.0,5.0,225.0
-116.15291904553435,33.31807439640088,193.0,135,42,6394.0,368.0,49.0,319.0,111.0,239.0,287.0,110.0,126.0,22.0,1.0,56.0,57.0,4.0,32.0,57.0
-117.90886813030514,36.16196783381503,134.0,120,34,7834.0,323.0,-21.0,344.0,42.0,197.0,246.0,32.0,229.0,43.0,3.0,74.0,130.0,14.0,24.0,116.0
-116.05618576876977,36.0355499930654,164.0,124,33,8487.0,360.0,-7.0,368.0,66.0,238.0,283.0,49.0,235.0,44.0,2.0,63.0,126.0,13.0,45.0,116.0
-122.99920774728537,38.64109905238003,139.0,89,42,4092.0,257.0,46.0,210.0,83.0,190.0,195.0,83.0,1203.0,283.0,1.0,93.0,795.0,10.0,12.0,795.0
-121.78585150123033,40.44535658106521,116.0,122,36,7315.0,313.0,-24.0,337.0,22.0,224.0,224.0,22.0,975.0,161.0,5.0,67.0,471.0,32.0,32.0,471.0
-116.95813637393488,34.227629391187264,86.0,132,42,6306.0,259.0,-55.0,314.0,13.0,133.0,178.0,4.0,541.0,96.0,2.0,77.0,282.0,20.0,40.0,276.0
-122.13609131583053,37.901552837767284,143.0,97,45,3894.0,261.0,46.0,214.0,87.0,193.0,194.0,87.0,499.0,112.0,1.0,91.0,317.0,4.0,4.0,317.0
-116.31112077695981,36.026891087910684,212.0,123,32,8806.0,412.0,35.0,377.0,110.0,289.0,334.0,92.0,114.0,21.0,1.0,64.0,60.0,7.0,22.0,56.0
-116.84153105722845,32.64634976590942,177.0,107,45,4413.0,308.0,70.0,237.0,136.0,229.0,243.0,122.0,324.0,62.0,1.0,86.0,183.0,5.0,8.0,165.0
-123.70339134392586,39.755845905234004,115.0,87,41,4334.0,240.0,26.0,213.0,60.0,171.0,178.0,60.0,1736.0,333.0,3.0,82.0,965.0,18.0,33.0,965.0
-120.08842621563781,35.20427097135719,131.0,120,45,4872.0,277.0,11.0,266.0,75.0,193.0,201.0,67.0,376.0,78.0,0.0,92.0,228.0,1.0,2.0,211.0
-117.91948134976197,35.126683221500585,182.0,128,37,7329.0,369.0,30.0,338.0,97.0,240.0,288.0,87.0,129.0,24.0,1.0,79.0,72.0,4.0,10.0,64.0
-120.7514929742491,37.8418513121716,178.0,123,41,5771.0,345.0,49.0,296.0,100.0,259.0,259.0,100.0,441.0,86.0,1.0,83.0,245.0,5.0,5.0,245.0
-116.0411537810572,35.092109139695346,230.0,129,34,8393.0,428.0,57.0,371.0,245.0,302.0,348.0,117.0,124.0,15.0,2.0,41.0,43.0,7.0,42.0,39.0
-116.90573361263651,35.93401595092143,209.0,121,32,8624.0,408.0,38.0,370.0,109.0,284.0,330.0,93.0,80.0,14.0,1.0,66.0,44.0,5.0,16.0,37.0
-121.6813454985172,36.404765075441105,125.0,88,48,3146.0,225.0,40.0,184.0,81.0,164.0,167.0,81.0,597.0,130.0,1.0,91.0,364.0,5.0,5.0,364.0
-121.05162215223142,41.96300268175271,90.0,116,34,7475.0,293.0,-44.0,337.0,7.0,206.0,206.0,-2.0,411.0,55.0,9.0,40.0,156.0,34.0,34.0,147.0
-115.77306475897385,35.14055164254569,182.0,129,35,8132.0,376.0,13.0,362.0,296.0,251.0,296.0,73.0,226.0,30.0,3.0,40.0,86.0,14.0,86.0,66.0
-119.01620604755179,38.122537134040584,87.0,120,34,7732.0,280.0,-68.0,348.0,-10.0,145.0,202.0,-10.0,354.0,60.0,11.0,61.0,176.0,36.0,43.0,176.0
-114.6716367404194,33.767594289954545,243.0,130,37,7693.0,428.0,79.0,349.0,351.0,308.0,351.0,140.0,102.0,21.0,1.0,62.0,49.0,3.0,49.0,32.0
-116.30031235953012,35.5272173567603,151.0,126,35,8093.0,345.0,-14.0,359.0,57.0,220.0,265.0,43.0,145.0,23.0,1.0,53.0,67.0,7.0,36.0,58.0
-117.41315139648837,36.76229339904249,138.0,116,32,8414.0,331.0,-26.0,358.0,40.0,209.0,258.0,26.0,114.0,16.0,3.0,40.0,47.0,13.0,29.0,40.0
-120.74081504214445,41.64233763353308,87.0,116,33,7677.0,291.0,-52.0,344.0,1.0,205.0,205.0,-9.0,420.0,54.0,9.0,40.0,156.0,33.0,33.0,149.0
-114.38695737165729,34.56329946539614,247.0,126,35,8225.0,435.0,75.0,360.0,152.0,320.0,360.0,137.0,111.0,16.0,1.0,52.0,46.0,4.0,38.0,42.0
-120.53139475231515,40.14389424162432,80.0,123,35,7541.0,280.0,-66.0,347.0,-16.0,192.0,192.0,-16.0,585.0,108.0,8.0,67.0,308.0,24.0,24.0,308.0
-121.24780274583883,36.047499390929275,135.0,110,47,4055.0,263.0,28.0,234.0,78.0,185.0,190.0,78.0,481.0,110.0,1.0,97.0,309.0,3.0,3.0,309.0
-120.12034586743614,38.77124955552632,57.0,123,37,6793.0,241.0,-84.0,325.0,-29.0,157.0,157.0,-29.0,936.0,163.0,11.0,69.0,465.0,40.0,40.0,465.0
-121.36004211439439,40.74523490073387,87.0,122,35,7410.0,286.0,-54.0,341.0,-6.0,198.0,198.0,-6.0,658.0,103.0,6.0,59.0,301.0,27.0,27.0,301.0
-116.06677768335013,35.425344229677506,214.0,127,34,8517.0,412.0,39.0,373.0,115.0,287.0,333.0,99.0,157.0,20.0,2.0,39.0,58.0,10.0,49.0,51.0
-122.43174545195981,41.35866505265206,67.0,121,37,6812.0,257.0,-65.0,323.0,-19.0,169.0,169.0,-19.0,1058.0,208.0,7.0,78.0,596.0,30.0,30.0,596.0
-120.19578817794833,35.25343831633955,129.0,121,45,4850.0,275.0,9.0,266.0,67.0,191.0,198.0,65.0,407.0,91.0,0.0,96.0,257.0,1.0,2.0,256.0
-118.04119471441838,36.54063336923395,160.0,117,33,8117.0,352.0,3.0,349.0,66.0,231.0,278.0,55.0,158.0,32.0,2.0,78.0,91.0,9.0,12.0,88.0
-118.75700366216985,36.9307195707379,73.0,119,36,7056.0,254.0,-68.0,323.0,-8.0,177.0,177.0,-15.0,634.0,127.0,5.0,83.0,366.0,17.0,17.0,349.0
-120.95511538687298,36.85596309800259,151.0,126,45,5005.0,306.0,27.0,279.0,90.0,214.0,219.0,81.0,252.0,50.0,1.0,83.0,139.0,3.0,3.0,137.0
-118.19031628171693,34.77092371728275,173.0,128,40,6552.0,347.0,31.0,316.0,97.0,223.0,268.0,89.0,177.0,36.0,1.0,86.0,104.0,5.0,10.0,98.0
-123.63067749068034,40.885670155957506,108.0,99,40,4998.0,252.0,8.0,244.0,45.0,173.0,182.0,45.0,1451.0,299.0,3.0,88.0,875.0,21.0,25.0,875.0
-123.34633078260129,40.56038224389043,86.0,111,40,5563.0,248.0,-25.0,274.0,15.0,159.0,168.0,15.0,1398.0,257.0,4.0,78.0,760.0,28.0,36.0,760.0
-118.11180068356946,36.26286391265814,43.0,119,36,7183.0,224.0,-101.0,326.0,-40.0,136.0,148.0,-48.0,319.0,62.0,3.0,80.0,181.0,16.0,21.0,175.0
-116.55348361296652,34.63132648227078,162.0,132,38,7397.0,350.0,4.0,346.0,64.0,222.0,268.0,64.0,164.0,25.0,1.0,55.0,74.0,5.0,41.0,74.0
-116.44674971806194,36.217511378918736,206.0,121,32,8846.0,405.0,29.0,376.0,103.0,283.0,329.0,86.0,103.0,18.0,1.0,64.0,54.0,6.0,19.0,50.0
-123.60050607277468,41.222724423517576,103.0,100,40,5135.0,251.0,2.0,249.0,39.0,170.0,180.0,39.0,1479.0,265.0,5.0,76.0,787.0,33.0,42.0,787.0
-119.91210227489049,36.808121244507625,189.0,129,41,6274.0,366.0,52.0,315.0,118.0,280.0,280.0,108.0,287.0,53.0,0.0,83.0,155.0,0.0,0.0,153.0
-120.60338853732135,35.856370855458906,150.0,125,45,4958.0,302.0,26.0,275.0,93.0,213.0,220.0,83.0,357.0,72.0,1.0,92.0,215.0,3.0,3.0,202.0
-120.34439095544914,34.46157932146004,154.0,67,45,2760.0,235.0,86.0,149.0,121.0,185.0,193.0,119.0,378.0,84.0,0.0,97.0,249.0,1.0,2.0,217.0
-124.20756496979097,40.538054732814956,128.0,60,40,3132.0,213.0,65.0,148.0,89.0,166.0,174.0,89.0,1428.0,260.0,3.0,78.0,778.0,23.0,32.0,778.0
-114.8048889264953,33.584854828677564,246.0,131,37,7591.0,430.0,83.0,347.0,352.0,308.0,352.0,144.0,93.0,17.0,1.0,58.0,41.0,3.0,41.0,29.0
-116.82726246893058,35.50329694920857,171.0,125,34,8112.0,365.0,6.0,359.0,76.0,240.0,286.0,63.0,131.0,24.0,1.0,67.0,72.0,6.0,34.0,58.0
-121.2551087686169,36.82745600112214,148.0,116,46,4368.0,286.0,35.0,250.0,97.0,203.0,207.0,87.0,374.0,70.0,1.0,85.0,206.0,4.0,5.0,195.0
-123.00090988659923,41.98976132524664,70.0,114,39,5976.0,243.0,-47.0,290.0,-5.0,151.0,160.0,-5.0,733.0,126.0,10.0,65.0,370.0,43.0,44.0,370.0
-118.32307071773667,33.337797789905174,173.0,57,42,2709.0,247.0,111.0,135.0,141.0,212.0,212.0,141.0,255.0,55.0,1.0,95.0,161.0,3.0,3.0,161.0
-116.13232219092374,35.43065884568248,233.0,127,33,8636.0,433.0,57.0,376.0,133.0,307.0,353.0,116.0,111.0,15.0,1.0,43.0,43.0,6.0,33.0,39.0
-121.67513851966089,37.93504717952801,163.0,113,44,4652.0,304.0,50.0,254.0,97.0,225.0,225.0,97.0,351.0,75.0,1.0,89.0,213.0,3.0,3.0,213.0
-114.89025239188445,33.55927224453152,246.0,132,37,7549.0,431.0,84.0,347.0,220.0,308.0,352.0,145.0,87.0,13.0,0.0,57.0,34.0,1.0,32.0,34.0
-118.02143932453197,36.70065017239918,137.0,116,33,8053.0,327.0,-19.0,347.0,43.0,245.0,253.0,32.0,239.0,46.0,5.0,72.0,136.0,18.0,21.0,125.0
-123.75811032739887,39.655405011790016,143.0,78,40,3926.0,253.0,62.0,191.0,93.0,193.0,200.0,93.0,1390.0,254.0,2.0,80.0,739.0,16.0,29.0,739.0
-116.27170961092963,34.49501336206383,184.0,133,38,7488.0,373.0,24.0,348.0,85.0,245.0,291.0,85.0,128.0,18.0,1.0,49.0,53.0,4.0,37.0,53.0
-115.8896640634213,34.23973253623371,216.0,133,37,7568.0,406.0,55.0,350.0,191.0,278.0,324.0,116.0,71.0,10.0,0.0,52.0,28.0,1.0,27.0,28.0
-117.56093755302527,34.98237622011416,182.0,129,37,7354.0,369.0,28.0,340.0,96.0,240.0,287.0,85.0,111.0,21.0,1.0,74.0,62.0,4.0,13.0,56.0
-119.39091422697888,36.416255319937626,196.0,128,39,6647.0,377.0,55.0,322.0,118.0,294.0,294.0,111.0,292.0,57.0,0.0,84.0,158.0,0.0,0.0,157.0
-119.20486290226287,34.41783766759208,167.0,104,43,4703.0,299.0,59.0,239.0,113.0,229.0,236.0,108.0,489.0,106.0,0.0,95.0,315.0,2.0,2.0,269.0
-116.37053001990297,33.23521140500804,212.0,132,42,6127.0,381.0,71.0,310.0,133.0,253.0,302.0,133.0,188.0,35.0,1.0,70.0,98.0,6.0,25.0,98.0
-118.71336589322479,34.25150988842546,178.0,107,43,4872.0,313.0,66.0,247.0,122.0,239.0,249.0,116.0,382.0,81.0,0.0,93.0,240.0,1.0,4.0,205.0
-120.11905115644322,41.556378405837286,101.0,114,32,8117.0,310.0,-45.0,356.0,-2.0,225.0,225.0,-2.0,327.0,45.0,6.0,46.0,134.0,23.0,23.0,134.0
-115.26083154133944,33.886753887386675,237.0,132,37,7591.0,424.0,75.0,348.0,169.0,299.0,344.0,136.0,75.0,12.0,1.0,55.0,31.0,3.0,29.0,31.0
-121.48934811100688,37.09150255864055,129.0,108,46,4025.0,256.0,24.0,232.0,76.0,178.0,182.0,71.0,469.0,96.0,1.0,90.0,274.0,4.0,5.0,272.0
-120.73952191985296,35.24800193809075,153.0,95,46,3638.0,263.0,60.0,203.0,104.0,199.0,205.0,104.0,548.0,123.0,0.0,96.0,352.0,1.0,2.0,352.0
-121.16551873490369,37.51582891003353,169.0,121,44,4994.0,321.0,49.0,272.0,108.0,233.0,237.0,100.0,303.0,58.0,1.0,84.0,163.0,4.0,5.0,163.0
-115.15674086830448,33.049974312996135,245.0,135,39,7227.0,429.0,87.0,341.0,348.0,301.0,348.0,149.0,66.0,10.0,0.0,59.0,26.0,0.0,26.0,24.0
-120.25789808272675,36.51467972699216,182.0,133,43,5843.0,354.0,46.0,308.0,104.0,265.0,265.0,104.0,204.0,41.0,0.0,86.0,117.0,0.0,0.0,117.0
-121.2670902495771,41.43389080711194,95.0,119,34,7548.0,298.0,-44.0,343.0,3.0,210.0,210.0,0.0,440.0,60.0,6.0,48.0,176.0,27.0,27.0,176.0
-120.28645965304636,40.27764230710224,115.0,121,33,8029.0,321.0,-38.0,360.0,12.0,235.0,235.0,12.0,292.0,50.0,6.0,57.0,146.0,19.0,19.0,146.0
-118.88000388658187,37.143893933288766,43.0,120,37,6882.0,223.0,-97.0,320.0,-35.0,145.0,145.0,-42.0,695.0,128.0,7.0,76.0,378.0,23.0,23.0,349.0
-121.28126129423191,37.55419040614874,164.0,119,44,4820.0,312.0,46.0,265.0,96.0,225.0,229.0,96.0,282.0,55.0,1.0,84.0,157.0,4.0,5.0,157.0
-122.79941830060712,41.840161751295746,112.0,117,37,6508.0,295.0,-13.0,308.0,30.0,206.0,210.0,30.0,467.0,82.0,7.0,65.0,238.0,31.0,31.0,238.0
-122.94494925877171,38.12890631116747,145.0,70,43,3074.0,232.0,71.0,161.0,101.0,184.0,186.0,101.0,1013.0,210.0,1.0,88.0,596.0,9.0,9.0,596.0
-119.55775506197588,36.5500336649096,193.0,129,40,6525.0,374.0,53.0,320.0,120.0,289.0,289.0,110.0,289.0,56.0,0.0,84.0,158.0,0.0,0.0,156.0
-122.18329953664087,41.48714298370392,52.0,121,37,6896.0,245.0,-81.0,326.0,-34.0,156.0,156.0,-34.0,844.0,136.0,11.0,60.0,396.0,40.0,40.0,396.0
-123.94190585207812,40.059083972399456,123.0,77,41,3871.0,233.0,44.0,188.0,74.0,172.0,180.0,74.0,1846.0,361.0,2.0,84.0,1058.0,19.0,34.0,1058.0
-118.16529346887947,37.194700685873286,105.0,116,33,8024.0,296.0,-51.0,347.0,12.0,138.0,222.0,1.0,290.0,44.0,11.0,46.0,132.0,39.0,47.0,122.0
-120.11704250095218,39.81177650569055,95.0,122,34,7815.0,297.0,-58.0,355.0,-5.0,211.0,211.0,-5.0,382.0,65.0,9.0,57.0,185.0,29.0,29.0,185.0
-115.76024628984271,33.160592243056826,244.0,136,40,6842.0,425.0,93.0,332.0,154.0,294.0,343.0,154.0,65.0,11.0,0.0,59.0,31.0,1.0,19.0,31.0
